Rank;Sourceid;Title;Type;Issn;Publisher;Open Access;Open Access Diamond;SJR;SJR Quartile;H index;Total Docs. (2019);Total Docs. (3years);Total Refs.;Total Citations (3years);Citable Docs. (3years);Citations / Doc. (2years);Ref. / Doc.;%Female;Overton;Country;Region;Publisher;Coverage;Categories;Areas
1;21100933954;"Big Data and Society";journal;"20539517";"SAGE Publications Ltd";Yes;No;3,249;Q1;89;47;149;2489;1169;123;6,03;52,96;40,26;24;United Kingdom;Western Europe;"SAGE Publications Ltd";"2014-2026";"Communication (Q1); Computer Science Applications (Q1); Information Systems (Q1); Information Systems and Management (Q1); Library and Information Sciences (Q1)";"Computer Science; Decision Sciences; Social Sciences"
2;15574;"Information Systems Research";journal;"15265536, 10477047";"INFORMS Inst.for Operations Res.and the Management Sciences";No;No;3,235;Q1;203;75;157;5269;945;147;5,03;70,25;26,70;14;United States;Northern America;"INFORMS Inst.for Operations Res.and the Management Sciences";"1990-2025";"Computer Networks and Communications (Q1); Information Systems (Q1); Information Systems and Management (Q1); Library and Information Sciences (Q1); Management Information Systems (Q1)";"Business, Management and Accounting; Computer Science; Decision Sciences; Social Sciences"
3;21100451321;"Scientific Data";journal;"20524463";"Nature Research";Yes;No;3,099;Q1;165;368;606;14485;4780;585;5,74;39,36;34,64;94;United Kingdom;Western Europe;"Nature Research";"2014-2026";"Computer Science Applications (Q1); Education (Q1); Information Systems (Q1); Library and Information Sciences (Q1); Statistics and Probability (Q1); Statistics, Probability and Uncertainty (Q1)";"Computer Science; Decision Sciences; Mathematics; Social Sciences"
4;15631;"International Journal of Information Management";journal;"02684012";"Elsevier Ltd";No;No;2,881;Q1;215;164;330;14481;3816;325;11,21;88,30;29,71;39;United Kingdom;Western Europe;"Elsevier Ltd";"1970, 1986-2026";"Artificial Intelligence (Q1); Computer Networks and Communications (Q1); Information Systems (Q1); Information Systems and Management (Q1); Library and Information Sciences (Q1); Management Information Systems (Q1); Marketing (Q1)";"Business, Management and Accounting; Computer Science; Decision Sciences; Social Sciences"
5;200147110;"Information Communication and Society";journal;"14684462, 1369118X";"Routledge";No;No;2,579;Q1;136;128;311;6126;1881;296;6,48;47,86;53,08;0;United Kingdom;Western Europe;"Routledge";"2001, 2005-2026";"Communication (Q1); Library and Information Sciences (Q1)";"Social Sciences"
6;15074;"European Journal of Information Systems";journal;"0960085X, 14769344";"Taylor and Francis Ltd.";No;No;2,260;Q1;151;39;105;3485;593;98;4,22;89,36;24,24;0;United Kingdom;Western Europe;"Taylor and Francis Ltd.";"1995-2026";"Information Systems (Q1); Information Systems and Management (Q1); Library and Information Sciences (Q1); Management Information Systems (Q1)";"Business, Management and Accounting; Computer Science; Decision Sciences; Social Sciences"
7;5100155103;"Journal of Informetrics";journal;"18755879, 17511577";"Elsevier B.V.";No;No;2,079;Q1;107;79;298;3486;1505;248;4,73;44,13;27,32;16;Netherlands;Western Europe;"Elsevier B.V.";"2007-2026";"Applied Mathematics (Q1); Computer Science Applications (Q1); Library and Information Sciences (Q1); Management Science and Operations Research (Q1); Modeling and Simulation (Q1); Statistics and Probability (Q1)";"Computer Science; Decision Sciences; Mathematics; Social Sciences"
8;14735;"Government Information Quarterly";journal;"0740624X";"Elsevier Ltd";No;No;1,915;Q1;157;75;203;5837;1655;191;6,96;77,83;28,93;47;United Kingdom;Western Europe;"Elsevier Ltd";"1984-2026";"E-learning (Q1); Law (Q1); Library and Information Sciences (Q1); Sociology and Political Science (Q1)";"Social Sciences"
9;15107;"IEEE Transactions on Information Theory";journal;"00189448, 15579654";"Institute of Electrical and Electronics Engineers Inc.";No;No;1,879;Q1;310;475;1424;17226;5705;1424;3,71;36,27;21,44;0;United States;Northern America;"Institute of Electrical and Electronics Engineers Inc.";"1963-2026";"Computer Science Applications (Q1); Information Systems (Q1); Library and Information Sciences (Q1)";"Computer Science; Social Sciences"
10;12815;"Journal of Information Technology";journal;"14664437, 02683962";"Palgrave Macmillan Ltd.";No;No;1,841;Q1;102;26;69;1732;468;65;6,28;66,62;35,90;5;United Kingdom;Western Europe;"Palgrave Macmillan Ltd.";"1987-2026";"Information Systems (Q1); Library and Information Sciences (Q1); Strategy and Management (Q1)";"Business, Management and Accounting; Computer Science; Social Sciences"
11;29745;"Information and Organization";journal;"14717727";"Elsevier Ltd";No;No;1,832;Q1;83;16;43;1523;233;42;5,67;95,19;38,46;5;United Kingdom;Western Europe;"Elsevier Ltd";"1996-1997, 2001-2026";"Information Systems (Q1); Library and Information Sciences (Q1); Management Information Systems (Q1); Management of Technology and Innovation (Q1); Organizational Behavior and Human Resource Management (Q1)";"Business, Management and Accounting; Computer Science; Social Sciences"
12;22894;"Research Evaluation";journal;"09582029, 14715449";"Oxford University Press";No;No;1,792;Q1;70;29;107;1506;369;104;2,91;51,93;41,18;13;United Kingdom;Western Europe;"Oxford University Press";"1991-1996, 1998-2026";"Education (Q1); Library and Information Sciences (Q1)";"Social Sciences"
13;14238;"College and Research Libraries";journal;"00100870, 21506701";"Association of College and Research Libraries";Yes;Yes;1,776;Q1;63;56;162;1821;370;145;2,42;32,52;61,54;5;United States;Northern America;"Association of College and Research Libraries";"1942, 1946-1947, 1954, 1964, 1987-2026";"Library and Information Sciences (Q1)";"Social Sciences"
14;19400158815;"Communications in Information Literacy";journal;"19335954";"Communications in Information Literacy";Yes;Yes;1,448;Q1;26;14;53;412;104;49;1,56;29,43;65,00;1;United States;Northern America;"Communications in Information Literacy";"2009-2025";"Education (Q1); E-learning (Q1); Library and Information Sciences (Q1)";"Social Sciences"
15;19600157322;"Journal of Cheminformatics";journal;"17582946";"BioMed Central Ltd";Yes;No;1,430;Q1;101;77;203;3651;1180;199;5,68;47,42;29,93;6;United Kingdom;Western Europe;"BioMed Central Ltd";"2009-2026";"Computer Graphics and Computer-Aided Design (Q1); Computer Science Applications (Q1); Library and Information Sciences (Q1); Physical and Theoretical Chemistry (Q1)";"Chemistry; Computer Science; Social Sciences"
16;18916;"Social Science Computer Review";journal;"15528286, 08944393";"SAGE Publications Inc.";No;No;1,420;Q1;104;43;139;2348;622;138;3,70;54,60;36,45;15;United States;Northern America;"SAGE Publications Inc.";"1983-2026";"Computer Science Applications (Q1); Law (Q1); Library and Information Sciences (Q1); Social Sciences (miscellaneous) (Q1)";"Computer Science; Social Sciences"
17;21100258853;"F1000Research";journal;"20461402";"F1000 Research Ltd";Yes;No;1,357;-;129;686;2118;34549;7242;2037;2,99;50,36;37,10;45;United Kingdom;Western Europe;"F1000 Research Ltd";"2012-2026";"Biochemistry, Genetics and Molecular Biology (miscellaneous) (Q1); Medicine (miscellaneous) (Q1); Pharmacology, Toxicology and Pharmaceutics (miscellaneous) (Q1); Immunology and Microbiology (miscellaneous)  (Q2)";"Biochemistry, Genetics and Molecular Biology; Immunology and Microbiology; Medicine; Pharmacology, Toxicology and Pharmaceutics"
18;130080;"Journal of Chemical Information and Modeling";journal;"1549960X, 15499596";"American Chemical Society";No;No;1,329;Q1;219;488;739;27854;3468;734;4,70;57,08;28,24;8;United States;Northern America;"American Chemical Society";"2005-2026";"Chemical Engineering (miscellaneous) (Q1); Chemistry (miscellaneous) (Q1); Computer Science Applications (Q1); Library and Information Sciences (Q1)";"Chemical Engineering; Chemistry; Computer Science; Social Sciences"
19;21100307484;"Journal of the Association for Information Science and Technology";journal;"23301643, 23301635";"John Wiley and Sons Ltd";No;No;1,270;Q1;181;108;565;5478;2288;545;3,32;50,72;34,87;15;United Kingdom;Western Europe;"John Wiley and Sons Ltd";"2014-2026";"Computer Networks and Communications (Q1); Information Systems (Q1); Information Systems and Management (Q1); Library and Information Sciences (Q1)";"Computer Science; Decision Sciences; Social Sciences"
20;28040;"International Journal of Geographical Information Science";journal;"13658816, 13658824";"Taylor and Francis Ltd.";No;No;1,218;Q1;149;114;352;5771;1529;349;4,60;50,62;31,90;15;United Kingdom;Western Europe;"Taylor and Francis Ltd.";"1997-2026";"Geography, Planning and Development (Q1); Information Systems (Q1); Library and Information Sciences (Q1)";"Computer Science; Social Sciences"
21;24222;"Scientometrics";journal;"15882861, 01389130";"Springer Nature";No;No;1,210;Q1;167;304;1142;14226;4095;1036;3,24;46,80;34,40;37;Switzerland;Western Europe;"Springer Nature";"1978-2026";"Computer Science Applications (Q1); Library and Information Sciences (Q1); Social Sciences (miscellaneous) (Q1)";"Computer Science; Social Sciences"
22;12689;"Information Processing and Management";journal;"18735371, 03064573";"Elsevier Ltd";No;No;1,192;Q1;149;147;231;8903;1535;228;6,87;60,56;29,86;10;United Kingdom;Western Europe;"Elsevier Ltd";"1975-2026";"Computer Science Applications (Q1); Information Systems (Q1); Library and Information Sciences (Q1); Management Science and Operations Research (Q1); Media Technology (Q1)";"Computer Science; Decision Sciences; Engineering; Social Sciences"
23;12791;"Journal of Academic Librarianship";journal;"00991333";"Elsevier B.V.";No;No;1,165;Q1;75;77;268;3246;534;263;1,74;42,16;58,62;9;United Kingdom;Western Europe;"Elsevier B.V.";"1988-2026";"Education (Q1); Library and Information Sciences (Q1)";"Social Sciences"
24;22510;"Learned Publishing";journal;"09531513, 17414857";"Wiley-Blackwell";No;No;1,081;-;52;51;159;1544;289;111;2,07;30,27;48,96;14;United States;Northern America;"Wiley-Blackwell";"1996-2026";"Communication (Q1)";"Social Sciences"
25;15933;"Portal";journal;"15307131, 15312542";"Johns Hopkins University Press";No;No;1,060;Q1;48;39;135;1112;180;120;1,11;28,51;65,28;4;United States;Northern America;"Johns Hopkins University Press";"2001-2026";"Development (Q1); Library and Information Sciences (Q1)";"Social Sciences"
26;13971;"Library and Information Science Research";journal;"07408188";"Elsevier B.V.";Yes;No;0,992;Q1;74;34;113;1759;241;104;1,81;51,74;54,55;7;United Kingdom;Western Europe;"Elsevier B.V.";"1987-2026";"Information Systems (Q1); Library and Information Sciences (Q1)";"Computer Science; Social Sciences"
27;15916;"Journal of Health Communication";journal;"10810730, 10870415";"Taylor and Francis Ltd.";No;No;0,911;Q1;120;90;389;4510;938;384;1,96;50,11;65,00;18;United Kingdom;Western Europe;"Taylor and Francis Ltd.";"1996-2026";"Communication (Q1); Health (social science) (Q1); Library and Information Sciences (Q1); Public Health, Environmental and Occupational Health (Q1)";"Medicine; Social Sciences"
28;17857;"Journal of the Medical Library Association";journal;"15365050, 15589439";"Medical Library Association";Yes;Yes;0,894;Q1;82;81;221;1746;353;175;1,58;21,56;71,91;13;United States;Northern America;"Medical Library Association";"1999, 2001-2026";"Health Informatics (Q1); Library and Information Sciences (Q1); Medicine (miscellaneous) (Q1)";"Medicine; Social Sciences"
29;12794;"Journal of Documentation";journal;"00220418";"Emerald Group Publishing Ltd.";No;No;0,890;Q1;80;79;204;4766;382;204;1,85;60,33;45,25;0;United Kingdom;Western Europe;"Emerald Group Publishing Ltd.";"1945-2026";"Information Systems (Q1); Library and Information Sciences (Q1)";"Computer Science; Social Sciences"
30;20870;"Telecommunications Policy";journal;"03085961";"Elsevier Ltd";No;No;0,888;-;101;76;225;4070;756;213;3,02;53,55;28,89;30;United Kingdom;Western Europe;"Elsevier Ltd";"1976-2026";"Electrical and Electronic Engineering (Q1); Human Factors and Ergonomics (Q1); Information Systems (Q1)";"Computer Science; Engineering; Social Sciences"
31;23842;"Journal of Classification";journal;"01764268, 14321343";"Springer New York";No;No;0,879;Q1;51;35;75;1054;118;67;1,33;30,11;32,89;0;United States;Northern America;"Springer New York";"1984-2026";"Library and Information Sciences (Q1); Mathematics (miscellaneous) (Q1); Psychology (miscellaneous) (Q2); Statistics, Probability and Uncertainty (Q2)";"Decision Sciences; Mathematics; Psychology; Social Sciences"
32;21100329302;"Journal of Information Literacy";journal;"17505968";"CILIP Information Literacy Group";Yes;Yes;0,844;Q1;19;27;66;969;104;47;1,81;35,89;72,09;0;United Kingdom;Western Europe;"CILIP Information Literacy Group";"2010, 2014-2025";"Education (Q1); E-learning (Q1); Library and Information Sciences (Q1)";"Social Sciences"
33;144671;"Reference Services Review";journal;"00907324";"Emerald Group Publishing Ltd.";No;No;0,814;Q1;46;38;131;998;146;117;0,98;26,26;85,98;0;United Kingdom;Western Europe;"Emerald Group Publishing Ltd.";"1973-2026";"Library and Information Sciences (Q1); E-learning (Q2)";"Social Sciences"
34;4700152758;"Reference Librarian";journal;"02763877, 15411117";"Routledge";No;No;0,804;Q1;27;24;76;645;72;72;1,06;26,88;64,10;0;United States;Northern America;"Routledge";"1982-2025";"Library and Information Sciences (Q1)";"Social Sciences"
35;130065;"Journal of Enterprise Information Management";journal;"17410398";"Emerald Publishing";No;No;0,797;Q1;100;50;137;4142;643;133;3,87;82,84;24,82;0;United Kingdom;Western Europe;"Emerald Publishing";"2004-2026";"Information Systems (Q1); Library and Information Sciences (Q1); Decision Sciences (miscellaneous) (Q2); Management of Technology and Innovation (Q2)";"Business, Management and Accounting; Computer Science; Decision Sciences; Social Sciences"
36;2600147402;"Ethics and Information Technology";journal;"13881957, 15728439";"Springer Science and Business Media B.V.";No;No;0,783;Q1;87;26;73;1455;231;69;2,50;55,96;46,81;11;Netherlands;Western Europe;"Springer Science and Business Media B.V.";"1999-2026";"Library and Information Sciences (Q1); Computer Science Applications (Q2)";"Computer Science; Social Sciences"
37;144955;"Education and Information Technologies";journal;"15737608, 13602357";"Springer";No;No;0,782;Q1;121;188;425;9607;1231;406;3,14;51,10;36,70;24;United States;Northern America;"Springer";"1996-2002, 2005-2026";"Education (Q1); Library and Information Sciences (Q1); E-learning (Q2)";"Social Sciences"
38;4700152789;"Collection Management";journal;"01462679, 15452549";"Routledge";No;No;0,775;Q1;24;31;68;598;50;55;0,77;19,29;64,81;5;United States;Northern America;"Routledge";"1976, 1978-1979, 1981-1999, 2001-2025";"Library and Information Sciences (Q1); Strategy and Management (Q2)";"Business, Management and Accounting; Social Sciences"
39;12709;"Information Technology and Libraries";journal;"07309295, 21635226";"American Library Association";Yes;Yes;0,771;Q1;42;39;80;789;65;55;0,66;20,23;49,18;3;United States;Northern America;"American Library Association";"1968, 1971-1974, 1981, 1988-2025";"Information Systems (Q1); Library and Information Sciences (Q1)";"Computer Science; Social Sciences"
40;21100374356;"Aslib Journal of Information Management";journal;"20503806, 20503814";"Emerald Group Publishing Ltd.";No;No;0,753;Q1;58;46;124;2773;318;122;2,71;60,28;40,40;0;United Kingdom;Western Europe;"Emerald Group Publishing Ltd.";"2014-2026";"Information Systems (Q1); Library and Information Sciences (Q1)";"Computer Science; Social Sciences"
41;14060;"Library Quarterly";journal;"00242519, 1549652X";"University of Chicago Press";No;No;0,727;Q1;50;20;81;843;151;72;1,83;42,15;70,27;0;United States;Northern America;"University of Chicago Press";"1946-1947, 1951, 1958, 1979, 1981, 1988-2026";"Library and Information Sciences (Q1)";"Social Sciences"
42;13316;"Journal of Librarianship and Information Science";journal;"09610006, 17416477";"SAGE Publications Ltd";No;No;0,711;Q1;45;88;101;4449;185;101;1,77;50,56;55,08;10;United Kingdom;Western Europe;"SAGE Publications Ltd";"1969-2026";"Library and Information Sciences (Q1)";"Social Sciences"
43;130132;"Information Technology and People";journal;"09593845";"Emerald Group Publishing Ltd.";No;No;0,710;Q1;92;72;132;6259;467;132;3,25;86,93;34,93;0;United Kingdom;Western Europe;"Emerald Group Publishing Ltd.";"1990, 1992, 1994-2026";"Library and Information Sciences (Q1); Computer Science Applications (Q2); Information Systems (Q2)";"Computer Science; Social Sciences"
44;98245;"Library Resources and Technical Services";journal;"00242527";"American Library Association";Yes;No;0,706;Q1;26;19;67;555;38;55;0,40;29,21;51,52;0;United States;Northern America;"American Library Association";"1978-1979, 1981-1984, 1988-2025";"Library and Information Sciences (Q1); Information Systems (Q2)";"Computer Science; Social Sciences"
45;4700152795;"Journal of Library Administration";journal;"01930826, 15403564";"Routledge";No;No;0,701;Q1;36;57;191;1321;186;191;0,86;23,18;63,00;1;United States;Northern America;"Routledge";"1980-2026";"Library and Information Sciences (Q1); Public Administration (Q2)";"Social Sciences"
46;4700152782;"College and Undergraduate Libraries";journal;"10691316, 15452530";"Routledge";No;No;0,696;Q1;26;19;107;385;105;103;0,99;20,26;74,29;1;United States;Northern America;"Routledge";"1994-2004, 2006-2026";"Library and Information Sciences (Q1); Education (Q2); E-learning (Q2)";"Social Sciences"
47;19400158481;"Journal of Web Librarianship";journal;"19322909, 19322917";"Routledge";No;No;0,694;Q1;24;15;53;448;42;40;0,80;29,87;70,83;1;United States;Northern America;"Routledge";"2007-2026";"Library and Information Sciences (Q1); Computer Science Applications (Q2)";"Computer Science; Social Sciences"
48;16004;"Reference and User Services Quarterly";journal;"10949054";"American Library Association";No;No;0,694;Q1;41;31;129;666;105;114;0,84;21,48;81,03;0;United States;Northern America;"American Library Association";"1997-2019, 2021, 2024-2025";"Library and Information Sciences (Q1); Information Systems (Q2)";"Computer Science; Social Sciences"
49;12813;"Journal of Information Science";journal;"01655515, 17416485";"SAGE Publications Ltd";No;No;0,669;Q1;86;52;164;2531;582;162;3,54;48,67;26,57;3;United Kingdom;Western Europe;"SAGE Publications Ltd";"1979-2026";"Library and Information Sciences (Q1); Information Systems (Q2)";"Computer Science; Social Sciences"
50;15386;"Online Information Review";journal;"14684527, 14684535";"Emerald Publishing";No;No;0,668;Q1;85;75;197;4679;556;196;2,39;62,39;47,73;0;United Kingdom;Western Europe;"Emerald Publishing";"1980-1995, 1997, 1999-2026";"Library and Information Sciences (Q1); Computer Science Applications (Q2); Information Systems (Q2)";"Computer Science; Social Sciences"
51;15442;"Information Systems Management";journal;"10580530";"Taylor and Francis Ltd.";No;No;0,651;Q1;77;26;83;1593;228;68;1,98;61,27;21,82;3;United Kingdom;Western Europe;"Taylor and Francis Ltd.";"1992-2026";"Library and Information Sciences (Q1); Computer Science Applications (Q2); Information Systems (Q2)";"Computer Science; Social Sciences"
52;16800154717;"IFLA Journal";journal;"03400352, 17452651";"SAGE Publications Ltd";No;No;0,649;Q1;31;29;84;1148;121;74;1,46;39,59;60,42;2;United Kingdom;Western Europe;"SAGE Publications Ltd";"1975-2026";"Library and Information Sciences (Q1)";"Social Sciences"
53;19700201446;"New Review of Academic Librarianship";journal;"13614533, 17407834";"Taylor and Francis Ltd.";No;No;0,628;Q1;30;23;94;888;98;87;0,89;38,61;78,79;2;United Kingdom;Western Europe;"Taylor and Francis Ltd.";"1995-2026";"Library and Information Sciences (Q1); E-learning (Q2)";"Social Sciences"
54;18735;"Accountability in Research";journal;"15455815, 08989621";"Taylor and Francis Ltd.";No;No;0,607;Q1;43;33;90;1222;115;65;1,19;37,03;56,25;6;United Kingdom;Western Europe;"Taylor and Francis Ltd.";"1989-2026";"Library and Information Sciences (Q1); Education (Q2); Medicine (miscellaneous) (Q2)";"Medicine; Social Sciences"
55;4700152804;"Internet Reference Services Quarterly";journal;"15404749, 10875301";"Routledge";No;No;0,589;Q1;24;0;28;0;19;28;0,63;0,00;0,00;0;United States;Northern America;"Routledge";"1996-2002, 2004-2018, 2020-2026";"Library and Information Sciences (Q1); E-learning (Q2)";"Social Sciences"
56;144644;"Library Management";journal;"01435124";"Emerald Group Publishing Ltd.";No;No;0,581;Q1;43;50;133;1600;128;131;0,99;32,00;55,88;0;United Kingdom;Western Europe;"Emerald Group Publishing Ltd.";"1979-2025";"Library and Information Sciences (Q1)";"Social Sciences"
57;4700152829;"Journal of Library and Information Services in Distance Learning";journal;"15332918, 1533290X";"Routledge";No;No;0,576;Q1;19;28;82;519;68;74;0,85;18,54;80,39;0;United States;Northern America;"Routledge";"2004-2007, 2009-2025";"Library and Information Sciences (Q1); E-learning (Q2)";"Social Sciences"
58;21100888812;"Journal of Data and Information Science";journal;"2096157X, 2543683X";"";Yes;Yes;0,565;Q1;23;22;68;596;165;65;3,42;27,09;28,07;1;Poland;Eastern Europe;"";"2016-2026";"Library and Information Sciences (Q1); Information Systems and Management (Q2); Public Administration (Q2)";"Decision Sciences; Social Sciences"
59;145200;"International Journal on Digital Libraries";journal;"14325012, 14321300";"Springer Verlag";No;No;0,559;Q1;42;29;76;1365;214;69;1,92;47,07;24,14;6;Germany;Western Europe;"Springer Verlag";"1997-1998, 2000, 2004-2010, 2012-2026";"Library and Information Sciences (Q1)";"Social Sciences"
60;6400153106;"Information Development";journal;"17416469, 02666669";"SAGE Publications Ltd";No;No;0,546;Q1;48;70;236;3313;456;211;1,41;47,33;34,07;12;United Kingdom;Western Europe;"SAGE Publications Ltd";"1985-2026";"Library and Information Sciences (Q1)";"Social Sciences"
61;22315;"Personal and Ubiquitous Computing";journal;"16174909, 16174917";"Springer London";No;No;0,544;-;106;73;245;2648;671;226;2,81;36,27;34,25;3;United Kingdom;Western Europe;"Springer London";"1997-2026";"Computer Science Applications (Q2); Hardware and Architecture (Q2); Management Science and Operations Research (Q2)";"Computer Science; Decision Sciences"
62;144979;"Records Management Journal";journal;"09565698";"Emerald Group Publishing Ltd.";No;No;0,527;Q1;30;21;57;732;104;56;0,88;34,86;50,00;0;United Kingdom;Western Europe;"Emerald Group Publishing Ltd.";"1989-1991, 1994-2026";"Library and Information Sciences (Q1); Management Information Systems (Q2)";"Business, Management and Accounting; Social Sciences"
63;5400152654;"Journal of Access Services";journal;"15367967, 15367975";"Routledge";No;No;0,523;Q1;15;13;63;239;38;61;0,29;18,38;70,59;0;United States;Northern America;"Routledge";"2002-2026";"Library and Information Sciences (Q1)";"Social Sciences"
64;30004;"Health Information and Libraries Journal";journal;"14711842, 14711834";"Wiley-Blackwell Publishing Ltd";No;No;0,521;Q2;57;32;109;1164;148;90;1,40;36,38;66,67;8;United Kingdom;Western Europe;"Wiley-Blackwell Publishing Ltd";"2001-2025";"Health Informatics (Q2); Health Information Management (Q2); Library and Information Sciences (Q2)";"Health Professions; Medicine; Social Sciences"
65;21100242609;"Insights: the UKSG Journal";journal;"20487754";"United Kingdom Serials Group";Yes;Yes;0,519;Q2;21;32;125;888;75;103;0,69;27,75;53,52;9;United Kingdom;Western Europe;"United Kingdom Serials Group";"2012-2026";"Library and Information Sciences (Q2)";"Social Sciences"
66;14721;"Medical Reference Services Quarterly";journal;"02763869, 15409597";"Routledge";No;No;0,500;Q2;31;39;142;461;191;141;1,48;11,82;76,92;3;United States;Northern America;"Routledge";"1982-2026";"Health Informatics (Q2); Library and Information Sciences (Q2)";"Medicine; Social Sciences"
67;11500153514;"Revista Espanola de Documentacion Cientifica";journal;"02100614, 19884621";"CSIC Consejo Superior de Investigaciones Cientificas";Yes;Yes;0,497;Q2;24;29;98;1209;134;98;1,37;41,69;37,66;4;Spain;Western Europe;"CSIC Consejo Superior de Investigaciones Cientificas";"1984, 2008-2025";"Library and Information Sciences (Q2)";"Social Sciences"
68;14066;"Library Trends";journal;"15590682, 00242594";"Johns Hopkins University Press";No;No;0,493;Q2;57;42;110;1563;99;101;0,74;37,21;66,00;6;United States;Northern America;"Johns Hopkins University Press";"1980-2026";"Library and Information Sciences (Q2)";"Social Sciences"
69;21100895684;"Global Knowledge, Memory and Communication";journal;"25149350, 25149342";"Emerald Group Publishing Ltd.";No;No;0,491;Q2;46;40;119;1842;229;119;0,94;46,05;59,30;0;United Kingdom;Western Europe;"Emerald Group Publishing Ltd.";"2018-2026";"Library and Information Sciences (Q2)";"Social Sciences"
70;6200180164;"Profesional de la Informacion (discontinued)";journal;"16992407, 13866710";"El Profesional de la Informacion";No;No;0,480;Q2;56;128;331;6422;577;331;1,74;50,17;46,43;26;Spain;Western Europe;"El Profesional de la Informacion";"2006-2025";"Cultural Studies (Q1); Communication (Q2); Information Systems (Q2); Library and Information Sciences (Q2)";"Computer Science; Social Sciences"
71;21100805777;"Information and Learning Science";journal;"23985356, 23985348";"Emerald Publishing";No;No;0,479;Q2;43;45;168;2496;169;160;0,87;55,47;50,49;0;United Kingdom;Western Europe;"Emerald Publishing";"2017-2026";"Computer Science Applications (Q2); Education (Q2); Library and Information Sciences (Q2)";"Computer Science; Social Sciences"
72;19700170495;"LIBER Quarterly";journal;"14355205";"";Yes;Yes;0,475;Q2;23;23;67;711;63;60;0,93;30,91;59,15;5;Netherlands;Western Europe;"";"1999-2026";"Library and Information Sciences (Q2)";"Social Sciences"
73;144983;"Archival Science";journal;"13890166, 15737500";"Springer Science and Business Media B.V.";No;No;0,472;Q2;48;20;56;1124;102;54;1,24;56,20;66,67;0;Netherlands;Western Europe;"Springer Science and Business Media B.V.";"2001-2026";"History (Q1); Library and Information Sciences (Q2)";"Arts and Humanities; Social Sciences"
74;21100788884;"International Journal of Multimedia Information Retrieval";journal;"21926611, 2192662X";"Springer London";No;No;0,468;Q2;37;21;68;1012;195;62;3,66;48,19;28,30;0;United Kingdom;Western Europe;"Springer London";"2012-2026";"Media Technology (Q1); Information Systems (Q2); Library and Information Sciences (Q2)";"Computer Science; Engineering; Social Sciences"
75;4700152908;"Knowledge Management Research and Practice";journal;"14778238, 14778246";"Taylor and Francis Ltd.";No;No;0,462;Q2;62;46;148;3155;337;148;2,20;68,59;41,48;7;United Kingdom;Western Europe;"Taylor and Francis Ltd.";"2006-2026";"Business and International Management (Q2); Library and Information Sciences (Q2); Management Information Systems (Q2); Management of Technology and Innovation (Q2); Strategy and Management (Q2); Management Science and Operations Research (Q3)";"Business, Management and Accounting; Decision Sciences; Social Sciences"
76;15420;"Electronic Library";journal;"02640473";"Emerald Group Publishing Ltd.";No;No;0,457;Q2;53;62;207;2525;290;206;1,34;40,73;40,79;0;United Kingdom;Western Europe;"Emerald Group Publishing Ltd.";"1983-2026";"Computer Science Applications (Q2); Library and Information Sciences (Q2)";"Computer Science; Social Sciences"
77;12690;"Information Research";journal;"13681613";"University of Boras";Yes;Yes;0,454;Q2;61;41;125;2270;140;113;0,82;55,37;47,83;0;Sweden;Western Europe;"University of Boras";"1996-2026";"Library and Information Sciences (Q2)";"Social Sciences"
78;16610;"Serials Librarian";journal;"15411095, 0361526X";"Routledge";No;No;0,454;Q2;22;62;186;245;72;174;0,42;3,95;63,64;0;United States;Northern America;"Routledge";"1977-2026";"Library and Information Sciences (Q2)";"Social Sciences"
79;16611;"Serials Review";journal;"00987913";"Taylor and Francis Ltd.";No;No;0,450;Q2;28;43;142;549;68;129;0,42;12,77;71,67;0;United Kingdom;Western Europe;"Taylor and Francis Ltd.";"1973, 1975-2025";"Library and Information Sciences (Q2)";"Social Sciences"
80;145663;"Language Resources and Evaluation";journal;"1574020X, 15740218";"Springer Science and Business Media B.V.";No;No;0,441;Q2;70;33;110;1725;229;105;1,96;52,27;32,08;1;Netherlands;Western Europe;"Springer Science and Business Media B.V.";"1996-2002, 2005-2026";"Linguistics and Language (Q1); Education (Q2); Library and Information Sciences (Q2)";"Social Sciences"
81;5600155499;"Canadian Journal of Program Evaluation";journal;"08341516";"Canadian Journal of Program Evaluation";No;No;0,440;Q2;24;38;89;1111;43;71;0,48;29,24;71,21;11;Canada;Northern America;"Canadian Journal of Program Evaluation";"1996, 2000-2001, 2003, 2005-2010, 2012-2025";"Library and Information Sciences (Q2)";"Social Sciences"
82;15133;"Information Retrieval Journal";journal;"13864564, 15737659";"Springer Science and Business Media B.V.";No;No;0,430;Q2;0;0;0;0;0;0;0,00;0,00;0,00;0;Netherlands;Western Europe;"Springer Science and Business Media B.V.";"1999-2023";"Information Systems (Q2); Library and Information Sciences (Q2)";"Computer Science; Social Sciences"
83;144673;"Performance Measurement and Metrics";journal;"14678047";"Emerald Group Publishing Ltd.";No;No;0,430;Q2;27;19;60;351;63;58;1,21;18,47;58,33;0;United Kingdom;Western Europe;"Emerald Group Publishing Ltd.";"2000-2026";"Literature and Literary Theory (Q1); Library and Information Sciences (Q2)";"Arts and Humanities; Social Sciences"
84;4700152731;"Public Library Quarterly";journal;"01616846, 15411540";"Routledge";No;No;0,430;Q2;26;29;99;576;48;91;0,33;19,86;55,00;3;United States;Northern America;"Routledge";"1979-1986, 1988-2026";"Library and Information Sciences (Q2)";"Social Sciences"
85;144908;"Library Hi Tech";journal;"07378831";"Emerald Group Publishing Ltd.";No;No;0,427;Q2;59;61;142;2432;236;138;1,68;39,87;42,33;0;United Kingdom;Western Europe;"Emerald Group Publishing Ltd.";"1983-2025";"Information Systems (Q2); Library and Information Sciences (Q2)";"Computer Science; Social Sciences"
86;14239;"College and Research Libraries News";journal;"21506698, 00990086";"Association of College and Research Libraries";No;No;0,426;Q2;30;106;301;299;112;246;0,41;2,82;71,82;4;United States;Northern America;"Association of College and Research Libraries";"1986-1988, 1990-2026";"Education (Q2); Library and Information Sciences (Q2)";"Social Sciences"
87;25547;"Interacting with Computers";journal;"18737951, 09535438";"Oxford University Press";No;No;0,416;-;100;29;137;1788;238;134;1,66;61,66;28,71;0;United Kingdom;Western Europe;"Oxford University Press";"1989-2026";"Human-Computer Interaction (Q2); Software (Q2)";"Computer Science"
88;7600153106;"Malaysian Journal of Library and Information Science";journal;"13946234";"Faculty of Computer Science and Information Technology";No;No;0,414;Q2;31;20;60;926;56;60;1,00;46,30;40,91;1;Malaysia;Asiatic Region;"Faculty of Computer Science and Information Technology";"1996-2025";"Library and Information Sciences (Q2)";"Social Sciences"
89;13360;"Knowledge Organization (discontinued)";journal;"09437444";"International Society for Knowledge Organization";No;No;0,393;Q2;37;50;156;2200;134;148;0,90;44,00;47,06;2;Germany;Western Europe;"International Society for Knowledge Organization";"1993-2024";"Library and Information Sciences (Q2)";"Social Sciences"
90;147225;"Computers in the Schools";journal;"07380569, 15287033";"Routledge";No;No;0,382;Q2;41;19;56;829;90;55;1,13;43,63;64,15;2;United States;Northern America;"Routledge";"1984-1997, 1999, 2001-2026";"Computer Science (miscellaneous) (Q2); Education (Q2); Library and Information Sciences (Q2)";"Computer Science; Social Sciences"
91;21100857955;"Data Technologies and Applications";journal;"25149288, 25149318";"Emerald Publishing";Yes;No;0,382;Q2;40;31;81;1704;149;80;1,79;54,97;32,00;0;United Kingdom;Western Europe;"Emerald Publishing";"2018-2026";"Library and Information Sciences (Q2); Information Systems (Q3)";"Computer Science; Social Sciences"
92;21100867250;"Journal of Open Research Software";journal;"20499647";"Ubiquity Press";Yes;No;0,381;Q2;20;33;28;618;61;28;2,18;18,73;25,78;0;United Kingdom;Western Europe;"Ubiquity Press";"2018-2026";"Library and Information Sciences (Q2); Information Systems (Q3); Software (Q3)";"Computer Science; Social Sciences"
93;12981;"Kybernetes";journal;"0368492X";"Emerald Publishing";No;No;0,376;-;65;121;309;6770;611;306;1,95;55,95;38,99;0;United Kingdom;Western Europe;"Emerald Publishing";"1972-2026";"Engineering (miscellaneous) (Q1); Computer Science (miscellaneous) (Q2); Control and Systems Engineering (Q2); Electrical and Electronic Engineering (Q2); Social Sciences (miscellaneous) (Q2); Artificial Intelligence (Q3); Information Systems (Q3); Software (Q3); Theoretical Computer Science (Q3)";"Computer Science; Engineering; Mathematics; Social Sciences"
94;15135;"Information Services and Use";journal;"01675265, 18758789";"SAGE Publications Ltd";No;No;0,373;Q2;28;30;102;428;108;96;1,23;14,27;55,77;0;United Kingdom;Western Europe;"SAGE Publications Ltd";"1981-2025";"Library and Information Sciences (Q2); Computer Science Applications (Q3); Information Systems (Q3)";"Computer Science; Social Sciences"
95;21100801725;"VINE Journal of Information and Knowledge Management Systems";journal;"20595905, 20595891";"Emerald Publishing";No;No;0,371;Q2;48;32;89;2013;202;88;2,48;62,91;44,00;0;United Kingdom;Western Europe;"Emerald Publishing";"2016-2026";"Computer Networks and Communications (Q2); Library and Information Sciences (Q2); Computer Science Applications (Q3); Information Systems (Q3); Management of Technology and Innovation (Q3)";"Business, Management and Accounting; Computer Science; Social Sciences"
96;21100264483;"Cuadernos.info";journal;"0719367X, 07193661";"Pontificia Universidad Catolica de Chile";Yes;Yes;0,366;Q2;20;29;86;1596;76;81;0,77;55,03;52,11;5;Chile;Latin America;"Pontificia Universidad Catolica de Chile";"2013-2025";"Communication (Q2); Library and Information Sciences (Q2)";"Social Sciences"
97;21100199774;"Evidence Based Library and Information Practice";journal;"1715720X";"University of Alberta";Yes;Yes;0,364;Q2;22;59;254;902;102;220;0,44;15,29;78,67;0;Canada;Northern America;"University of Alberta";"2011-2025";"Library and Information Sciences (Q2)";"Social Sciences"
98;12881;"Behavioral and Social Sciences Librarian";journal;"01639269, 15444546";"Routledge";No;No;0,350;Q2;19;0;37;0;16;23;0,13;0,00;0,00;0;United States;Northern America;"Routledge";"1979-2002, 2004-2017";"Library and Information Sciences (Q2); Social Sciences (miscellaneous) (Q2)";"Social Sciences"
99;21100801727;"Digital Library Perspectives";journal;"20595816, 20595824";"Emerald Publishing";No;No;0,344;Q2;30;18;80;566;70;79;0,86;31,44;46,88;0;United Kingdom;Western Europe;"Emerald Publishing";"2016-2026";"Library and Information Sciences (Q2); Education (Q3); Information Systems (Q3)";"Computer Science; Social Sciences"
100;21100836334;"Publications";journal;"23046775";"Multidisciplinary Digital Publishing Institute (MDPI)";Yes;No;0,341;Q2;32;67;104;3104;158;91;1,56;46,33;41,51;14;Switzerland;Western Europe;"Multidisciplinary Digital Publishing Institute (MDPI)";"2013-2025";"Business and International Management (Q2); Communication (Q2); Library and Information Sciences (Q2); Media Technology (Q2); Computer Science Applications (Q3)";"Business, Management and Accounting; Computer Science; Engineering; Social Sciences"
101;4700152802;"Journal of Business and Finance Librarianship";journal;"15470644, 08963568";"Routledge";No;No;0,335;Q2;23;9;59;189;38;55;0,54;21,00;50,00;1;United States;Northern America;"Routledge";"1990-1992, 1994, 1996-2026";"Library and Information Sciences (Q2); Management Information Systems (Q2); E-learning (Q3); Marketing (Q3)";"Business, Management and Accounting; Social Sciences"
102;19700182410;"African Journal of Library Archives and Information Science";journal;"07954778";"Archlib and Information Services Ltd";No;No;0,333;Q2;16;10;39;458;29;35;0,82;45,80;50,00;0;Nigeria;Africa;"Archlib and Information Services Ltd";"2008-2012, 2014-2025";"Library and Information Sciences (Q2)";"Social Sciences"
103;15069;"World Patent Information";journal;"01722190";"Elsevier Ltd";No;No;0,331;Q2;42;35;119;953;125;104;0,83;27,23;28,13;3;United Kingdom;Western Europe;"Elsevier Ltd";"1979-2026";"Library and Information Sciences (Q2); Bioengineering (Q3); Computer Science Applications (Q3); Energy Engineering and Power Technology (Q3); Fuel Technology (Q3); Process Chemistry and Technology (Q3); Renewable Energy, Sustainability and the Environment (Q3)";"Chemical Engineering; Computer Science; Energy; Social Sciences"
104;21100782655;"Proceedings of the 2016 IEEE/ACM International Symposium on Nanoscale Architectures, NANOARCH 2016";conference and proceedings;"-";"";No;No;0,329;-;10;0;37;0;51;35;0,00;0,00;0,00;0;United States;Northern America;"";"";"Library and Information Sciences; Media Technology";"Engineering; Social Sciences"
105;21100469409;"Proceedings - 12th IAPR International Workshop on Document Analysis Systems, DAS 2016";conference and proceedings;"-";"";No;No;0,327;-;17;0;77;0;157;75;0,00;0,00;0,00;0;United States;Northern America;"";"";"Computer Networks and Communications; Computer Science Applications; Electrical and Electronic Engineering; Instrumentation";"Computer Science; Engineering; Physics and Astronomy"
106;21100857424;"SCIRES-IT";journal;"22394303";"Caspur -Ciber Publishing";Yes;Yes;0,326;Q2;14;24;39;465;40;37;0,71;19,38;56,82;0;Italy;Western Europe;"Caspur -Ciber Publishing";"2016-2025";"Conservation (Q1); Library and Information Sciences (Q2); Computer Networks and Communications (Q3); Computer Science Applications (Q3); Information Systems (Q3)";"Arts and Humanities; Computer Science; Social Sciences"
107;21100877203;"Journal of Law, Information and Science";journal;"22003517";"University of Tasmania, Faculty of Law";No;No;0,322;Q2;7;0;12;0;6;11;0,67;0,00;0,00;0;Australia;Pacific Region;"University of Tasmania, Faculty of Law";"2014-2017";"Law (Q2); Library and Information Sciences (Q2)";"Social Sciences"
108;10700153302;"International Journal of Data Mining and Bioinformatics";journal;"17485681, 17485673";"Inderscience Enterprises Ltd";No;No;0,321;Q2;26;21;169;858;169;169;0,97;40,86;29,07;0;United Kingdom;Western Europe;"Inderscience Enterprises Ltd";"2006-2026";"Library and Information Sciences (Q2); Biochemistry, Genetics and Molecular Biology (miscellaneous) (Q3); Information Systems (Q3)";"Biochemistry, Genetics and Molecular Biology; Computer Science; Social Sciences"
109;21100887535;"Collection and Curation";journal;"25149326";"Emerald Group Publishing Ltd.";Yes;No;0,317;Q2;22;17;59;513;42;58;0,63;30,18;50,00;0;United Kingdom;Western Europe;"Emerald Group Publishing Ltd.";"2018-2026";"Museology (Q1); Library and Information Sciences (Q2)";"Arts and Humanities; Social Sciences"
110;145510;"Libri";journal;"18658423, 00242667";"De Gruyter Saur";Yes;Yes;0,301;Q2;33;23;73;1097;61;72;1,00;47,70;52,00;3;Germany;Western Europe;"De Gruyter Saur";"1950, 1953-1956, 1958-2026";"Library and Information Sciences (Q2)";"Social Sciences"
111;4700152422;"Journal of Map and Geography Libraries";journal;"15420353, 15420361";"Routledge";No;No;0,300;Q2;17;16;51;404;35;42;0,94;25,25;50,00;0;United States;Northern America;"Routledge";"2004-2026";"Library and Information Sciences (Q2)";"Social Sciences"
112;19700181431;"Journal of Decision Systems";journal;"21167052, 12460125";"Taylor and Francis Ltd.";No;No;0,300;-;42;16;137;967;179;133;1,35;60,44;34,29;3;United Kingdom;Western Europe;"Taylor and Francis Ltd.";"1992-2026";"Management Information Systems (Q3); Software (Q3)";"Business, Management and Accounting; Computer Science"
113;145258;"Informing Science";journal;"15214672, 15479684";"Informing Science Institute";Yes;No;0,299;Q2;30;11;47;609;52;47;1,07;55,36;30,00;0;United States;Northern America;"Informing Science Institute";"1997-2026";"Library and Information Sciences (Q2)";"Social Sciences"
114;29335;"Education for Information";journal;"18758649, 01678329";"SAGE Publications Ltd";No;No;0,298;Q2;24;33;69;867;61;64;0,56;26,27;50,85;0;United Kingdom;Western Europe;"SAGE Publications Ltd";"1983-2025";"Library and Information Sciences (Q2); Education (Q3); Information Systems (Q3)";"Computer Science; Social Sciences"
115;4700152763;"Public Services Quarterly";journal;"15229114, 15228959";"Routledge";No;No;0,296;Q2;21;33;91;512;45;77;0,52;15,52;62,50;1;United States;Northern America;"Routledge";"2002-2003, 2006-2026";"Library and Information Sciences (Q2); Accounting (Q3); Public Administration (Q3)";"Business, Management and Accounting; Social Sciences"
116;17900156721;"Journal of Electronic Resources Librarianship";journal;"1941126X, 19411278";"Routledge";No;No;0,287;Q2;18;33;136;429;42;104;0,31;13,00;75,68;0;United States;Northern America;"Routledge";"2008-2025";"Library and Information Sciences (Q2); Information Systems (Q3)";"Computer Science; Social Sciences"
117;19400156823;"Issues in Science and Technology Librarianship";journal;"10921206";"Association of College and Research Libraries";Yes;Yes;0,284;Q2;24;26;63;528;33;46;0,58;20,31;76,67;1;United States;Northern America;"Association of College and Research Libraries";"1996-2026";"Engineering (miscellaneous) (Q2); Library and Information Sciences (Q2)";"Engineering; Social Sciences"
118;21100212132;"DESIDOC Journal of Library and Information Technology";journal;"09740643, 09764658";"Defence Scientific Information and Documentation Centre";No;No;0,281;Q2;22;54;172;1336;172;169;1,10;24,74;34,57;4;India;Asiatic Region;"Defence Scientific Information and Documentation Centre";"2012-2025";"Library and Information Sciences (Q2)";"Social Sciences"
119;23776;"Archivaria";journal;"03186954";"Association of Canadian Archivists";No;No;0,279;Q2;35;15;31;271;33;30;0,50;18,07;55,56;0;Canada;Northern America;"Association of Canadian Archivists";"1980, 1989-1990, 1996-2025";"Library and Information Sciences (Q2)";"Social Sciences"
120;19700187503;"Australian Academic and Research Libraries";journal;"00048623, 1839471X";"Australian Library and Information Association";No;No;0,278;Q2;36;0;28;0;20;24;0,00;0,00;0,00;0;Australia;Pacific Region;"Australian Library and Information Association";"1955, 1988-2016";"Library and Information Sciences (Q2)";"Social Sciences"
121;145600;"International Journal of Law and Information Technology";journal;"09670769, 14643693";"Oxford University Press";No;No;0,275;Q2;28;16;44;1463;77;44;2,04;91,44;40,00;10;United Kingdom;Western Europe;"Oxford University Press";"1993-2026";"Law (Q2); Library and Information Sciences (Q2)";"Social Sciences"
122;145290;"Bottom Line";journal;"0888045X";"Emerald Group Publishing Ltd.";No;No;0,269;Q2;33;17;63;1340;84;61;1,85;78,82;32,61;0;United Kingdom;Western Europe;"Emerald Group Publishing Ltd.";"1988-2026";"Library and Information Sciences (Q2); Business, Management and Accounting (miscellaneous) (Q3)";"Business, Management and Accounting; Social Sciences"
123;21100778750;"Proceedings of the Association for Information Science and Technology";journal;"23739231";"John Wiley &amp; Sons Inc.";No;No;0,265;Q2;29;198;534;2758;311;534;0,46;13,93;49,89;3;United States;Northern America;"John Wiley &amp; Sons Inc.";"2015-2025";"Library and Information Sciences (Q2); Computer Science (miscellaneous) (Q3)";"Computer Science; Social Sciences"
124;19700182210;"Library Leadership and Management";journal;"19458851, 1945886X";"American Library Association";No;No;0,264;Q2;15;27;88;454;33;74;0,40;16,81;57,14;1;United States;Northern America;"American Library Association";"2009-2026";"Library and Information Sciences (Q2); Strategy and Management (Q3)";"Business, Management and Accounting; Social Sciences"
125;12749;"International Information and Library Review";journal;"10959297, 10572317";"Taylor and Francis Ltd.";No;No;0,262;Q2;34;35;120;801;67;119;0,67;22,89;56,90;2;United Kingdom;Western Europe;"Taylor and Francis Ltd.";"1992-2026";"Library and Information Sciences (Q2); E-learning (Q3)";"Social Sciences"
126;21100939697;"Synthesis Lectures on Information Concepts, Retrieval, and Services";book series;"1947945X, 19479468";"Springer International Publishing";No;No;0,258;Q2;7;4;5;449;5;5;1,00;112,25;0,00;0;Switzerland;Western Europe;"Springer International Publishing";"2010, 2012, 2017-2026";"Library and Information Sciences (Q2); Computer Networks and Communications (Q3); Information Systems (Q3); Information Systems and Management (Q3)";"Computer Science; Decision Sciences; Social Sciences"
127;16568;"Science and Technology Libraries";journal;"0194262X, 15411109";"Routledge";No;No;0,257;Q2;27;26;78;1043;59;78;0,78;40,12;45,95;0;United States;Northern America;"Routledge";"1980-2008, 2010-2026";"Library and Information Sciences (Q2)";"Social Sciences"
128;27984;"Fukushima Journal of Medical Sciences";journal;"00162590, 21854610";"Fukushima Society of Medical Science";No;No;0,256;-;23;17;60;488;57;60;1,02;28,71;18,97;1;Japan;Asiatic Region;"Fukushima Society of Medical Science";"1964-2026";"Medicine (miscellaneous) (Q3)";"Medicine"
129;21100237436;"Journal of Information and Knowledge Management";journal;"02196492, 17936926";"World Scientific";No;No;0,253;Q3;30;50;134;2919;155;133;1,22;58,38;32,00;0;Singapore;Asiatic Region;"World Scientific";"2002-2026";"Computer Networks and Communications (Q3); Computer Science Applications (Q3); Library and Information Sciences (Q3)";"Computer Science; Social Sciences"
130;15394;"D-Lib Magazine";journal;"10829873";"Corporation for National Research Initiatives";Yes;No;0,249;Q3;60;0;78;0;73;67;0,97;0,00;0,00;0;United States;Northern America;"Corporation for National Research Initiatives";"1996-2017";"Library and Information Sciences (Q3)";"Social Sciences"
131;25991;"Social Science Information";journal;"05390184, 14617412";"SAGE Publications Ltd";No;No;0,249;Q3;51;32;99;2161;103;91;1,13;67,53;37,78;3;United Kingdom;Western Europe;"SAGE Publications Ltd";"1962-2026";"Library and Information Sciences (Q3); Social Sciences (miscellaneous) (Q3)";"Social Sciences"
132;21100801131;"Proceedings of 2016 International Symposium on Information Theory and Its Applications, ISITA 2016";conference and proceedings;"-";"";No;No;0,249;-;8;0;162;0;73;159;0,45;0,00;0,00;0;United States;Northern America;"";"";"Artificial Intelligence; Computational Mathematics; Computational Theory and Mathematics; Computer Networks and Communications; Computer Science Applications; Control and Optimization";"Computer Science; Mathematics"
133;13992;"Library Collections, Acquisition and Technical Services";journal;"14649055, 18731821";"Taylor and Francis Ltd.";No;No;0,247;Q3;24;0;6;0;8;6;1,33;0,00;0,00;0;United Kingdom;Western Europe;"Taylor and Francis Ltd.";"1980-1997, 1999-2015, 2017";"Information Systems (Q3); Library and Information Sciences (Q3)";"Computer Science; Social Sciences"
134;145356;"Library Hi Tech News";journal;"07419058";"Emerald Group Publishing Ltd.";No;No;0,245;Q3;31;44;149;687;91;141;0,62;15,61;60,00;0;United Kingdom;Western Europe;"Emerald Group Publishing Ltd.";"1999-2026";"Information Systems (Q3); Library and Information Sciences (Q3)";"Computer Science; Social Sciences"
135;14115;"Canadian Journal of Information and Library Science";journal;"19207239, 1195096X";"Canadian Association for Information Science";No;No;0,239;Q3;23;5;47;169;26;45;0,28;33,80;75,00;0;Canada;Northern America;"Canadian Association for Information Science";"1993-2022";"Information Systems (Q3); Library and Information Sciences (Q3)";"Computer Science; Social Sciences"
136;21100829144;"Journal of the Australian Library and Information Association";journal;"24750158, 24750166";"Taylor and Francis Ltd.";No;No;0,233;Q3;32;31;103;912;32;81;0,31;29,42;77,78;2;United Kingdom;Western Europe;"Taylor and Francis Ltd.";"2017-2026";"Library and Information Sciences (Q3)";"Social Sciences"
137;12085;"American Archivist";journal;"03609081";"Society of American Archivists";No;No;0,232;Q3;37;26;63;1445;40;58;0,46;55,58;62,79;1;United States;Northern America;"Society of American Archivists";"1938-2025";"Arts and Humanities (miscellaneous) (Q2); Library and Information Sciences (Q3)";"Arts and Humanities; Social Sciences"
138;21100829944;"Journal of Education for Library and Information Science";journal;"07485786, 23282967";"University of Toronto Press";No;No;0,232;Q3;16;25;43;755;24;36;0,56;30,20;72,73;0;Canada;Northern America;"University of Toronto Press";"2011, 2017-2026";"Education (Q3); Library and Information Sciences (Q3)";"Social Sciences"
139;12100156499;"Notes";journal;"1534150X, 00274380";"Music Library Association";Yes;No;0,232;Q3;14;9;45;381;8;44;0,03;42,33;33,33;0;United States;Northern America;"Music Library Association";"1978, 2002-2026";"Music (Q1); Library and Information Sciences (Q3)";"Arts and Humanities; Social Sciences"
140;13412;"Lecture Notes in Control and Information Sciences";book series;"16107411, 01708643";"Springer Science and Business Media Deutschland GmbH";No;No;0,229;Q3;60;88;145;1891;81;39;0,49;21,49;34,29;0;Germany;Western Europe;"Springer Science and Business Media Deutschland GmbH";"1982-1986, 1988, 1990-1991, 1993, 1996, 2005-2026";"Library and Information Sciences (Q3)";"Social Sciences"
141;19470;"Information Resources Management Journal";journal;"15337979, 10401628";"IGI Publishing";No;No;0,227;Q3;49;16;51;1114;43;51;0,78;69,63;33,33;0;United States;Northern America;"IGI Publishing";"1988-2026";"Business and International Management (Q3); Library and Information Sciences (Q3); Strategy and Management (Q3)";"Business, Management and Accounting; Social Sciences"
142;4700152770;"Cataloging and Classification Quarterly";journal;"15444554, 01639374";"Routledge";No;No;0,223;Q3;31;31;115;93;72;106;0,65;3,00;42,86;1;United States;Northern America;"Routledge";"1981-2026";"Library and Information Sciences (Q3)";"Social Sciences"
143;21100836108;"Knowledge Cultures";journal;"23756527, 23275731";"Addleton Academic Publishers";No;No;0,221;Q3;19;22;128;453;141;120;1,47;20,59;21,43;0;United States;Northern America;"Addleton Academic Publishers";"2013-2025";"Cultural Studies (Q1); History (Q1); Literature and Literary Theory (Q1); Law (Q2); Philosophy (Q2); Education (Q3); Library and Information Sciences (Q3); Sociology and Political Science (Q3)";"Arts and Humanities; Social Sciences"
144;19700182724;"Revista General de Informacion y Documentacion";journal;"19882858, 11321873";"Universidad Complutense Madrid";Yes;Yes;0,221;Q3;10;24;90;776;25;90;0,33;32,33;46,00;2;Spain;Western Europe;"Universidad Complutense Madrid";"2009-2025";"Library and Information Sciences (Q3)";"Social Sciences"
145;14046;"Library Philosophy and Practice (discontinued)";journal;"15220222";"University of Nebraska-Lincoln";Yes;No;0,220;Q3;32;996;533;20653;293;529;0,50;20,74;40,51;0;United States;Northern America;"University of Nebraska-Lincoln";"1998-2021";"Philosophy (Q2); Library and Information Sciences (Q3)";"Arts and Humanities; Social Sciences"
146;19400157009;"Investigacion Bibliotecologica";journal;"0187358X, 24488321";"Universidad Nacional Autonoma de Mexico";Yes;Yes;0,211;Q3;16;40;129;1227;60;119;0,33;30,68;49,47;3;Mexico;Latin America;"Universidad Nacional Autonoma de Mexico";"2001, 2008-2025";"Library and Information Sciences (Q3)";"Social Sciences"
147;4700152746;"Music Reference Services Quarterly";journal;"10588167, 15409503";"Routledge";No;No;0,209;Q3;11;18;53;84;9;38;0,17;4,67;40,00;1;United States;Northern America;"Routledge";"1992-1998, 2001-2002, 2004-2026";"Music (Q1); Library and Information Sciences (Q3)";"Arts and Humanities; Social Sciences"
148;21100801133;"2016 18th International Middle-East Power Systems Conference, MEPCON 2016 - Proceedings";conference and proceedings;"-";"";No;No;0,209;-;17;0;158;0;176;157;1,11;0,00;0,00;0;United States;Northern America;"";"";"Computer Networks and Communications; Hardware and Architecture; Information Systems; Library and Information Sciences; Signal Processing";"Computer Science; Social Sciences"
149;21100908544;"Global Intellectual History";journal;"23801883, 23801891";"Taylor and Francis Ltd.";No;No;0,206;Q3;10;27;49;976;27;43;0,51;36,15;18,18;0;United Kingdom;Western Europe;"Taylor and Francis Ltd.";"2016-2026";"History (Q1); Arts and Humanities (miscellaneous) (Q2); Cultural Studies (Q2); Library and Information Sciences (Q3)";"Arts and Humanities; Social Sciences"
150;21100814051;"Information Discovery and Delivery";journal;"23986247";"Emerald Group Publishing Ltd.";No;No;0,203;Q3;30;26;79;1124;52;78;0,89;43,23;33,96;0;United Kingdom;Western Europe;"Emerald Group Publishing Ltd.";"2017-2026";"Computer Science (miscellaneous) (Q3); Library and Information Sciences (Q3)";"Computer Science; Social Sciences"
151;14000156125;"Language Documentation and Conservation";journal;"19345275";"University of Hawaii Press";Yes;Yes;0,203;Q3;16;26;68;1116;56;68;0,86;42,92;50,77;0;United States;Northern America;"University of Hawaii Press";"2016-2025";"Linguistics and Language (Q2); Library and Information Sciences (Q3); Computer Science Applications (Q4)";"Computer Science; Social Sciences"
152;17800156797;"VOEB-Mitteilungen";journal;"10222588, 27914011";"Vereinigung Osterreichischer Bibliothekarinnen und Bibliothekare";Yes;Yes;0,201;Q3;6;51;131;615;21;90;0,24;12,06;40,26;0;Austria;Western Europe;"Vereinigung Osterreichischer Bibliothekarinnen und Bibliothekare";"2009-2025";"Library and Information Sciences (Q3)";"Social Sciences"
153;21100815354;"JLIS.it";journal;"20381026, 20385366";"Universita di Firenze, Dipartimento di Storia, Archeologia, Geografia, Arte e Spettacolo";Yes;Yes;0,200;Q3;11;31;83;921;29;80;0,35;29,71;73,33;1;Italy;Western Europe;"Universita di Firenze, Dipartimento di Storia, Archeologia, Geografia, Arte e Spettacolo";"2017-2026";"Conservation (Q2); Library and Information Sciences (Q3); Computer Science Applications (Q4)";"Arts and Humanities; Computer Science; Social Sciences"
154;21100837856;"School Library Research";journal;"21651019";"American Library Association";No;No;0,200;Q3;19;5;21;214;15;21;0,91;42,80;93,75;0;United States;Northern America;"American Library Association";"2014-2025";"Media Technology (Q2); Library and Information Sciences (Q3)";"Engineering; Social Sciences"
155;21100259129;"Archives and Manuscripts";journal;"01576895, 21646058";"Australian Society of Archivists";No;No;0,199;Q3;17;25;62;385;26;47;0,43;15,40;63,89;1;Australia;Pacific Region;"Australian Society of Archivists";"2013-2024";"Communication (Q3); Library and Information Sciences (Q3)";"Social Sciences"
156;19900191876;"Transinformacao";journal;"01033786";"Pontificia Universidade Catolica de Campinas";Yes;Yes;0,196;Q3;15;28;88;751;49;86;0,38;26,82;60,00;6;Brazil;Latin America;"Pontificia Universidade Catolica de Campinas";"2010-2025";"Museology (Q2); Communication (Q3); Library and Information Sciences (Q3); Information Systems (Q4)";"Arts and Humanities; Computer Science; Social Sciences"
157;4700152722;"Technical Services Quarterly";journal;"07317131";"Routledge";No;No;0,191;Q3;20;60;200;371;36;164;0,14;6,18;59,09;0;United States;Northern America;"Routledge";"1984-2026";"Library and Information Sciences (Q3); Computer Science Applications (Q4)";"Computer Science; Social Sciences"
158;17500155021;"Grey Journal";journal;"1574180X, 15741796";"GreyNet";No;No;0,190;Q3;8;23;76;314;20;65;0,33;13,65;52,38;0;Netherlands;Western Europe;"GreyNet";"2009-2020, 2022-2024";"Library and Information Sciences (Q3)";"Social Sciences"
159;19700182685;"Journal of Library Metadata";journal;"19375034, 19386389";"Taylor and Francis Ltd.";No;No;0,186;Q3;19;13;39;419;15;36;0,32;32,23;73,33;0;United Kingdom;Western Europe;"Taylor and Francis Ltd.";"2008-2026";"Library and Information Sciences (Q3); E-learning (Q4)";"Social Sciences"
160;19700180555;"Vjesnik Bibliotekara Hrvatske";journal;"05071925, 13346938";"Hrvatsko Knjiznicarsko Drustvo";Yes;Yes;0,186;Q3;8;33;142;972;17;124;0,14;29,45;80,39;0;Croatia;Eastern Europe;"Hrvatsko Knjiznicarsko Drustvo";"2009-2025";"Library and Information Sciences (Q3)";"Social Sciences"
161;21100241768;"Preservation, Digital Technology and Culture";journal;"21952965, 21952957";"De Gruyter Saur";No;No;0,185;Q3;15;17;71;345;19;57;0,33;20,29;85,00;0;Germany;Western Europe;"De Gruyter Saur";"2013-2026";"Conservation (Q2); Library and Information Sciences (Q3); Computer Science Applications (Q4)";"Arts and Humanities; Computer Science; Social Sciences"
162;21100830763;"Journal of Information Science Theory and Practice";journal;"22879099, 22874577";"Korea Institute of Science and Technology Information";Yes;Yes;0,184;Q3;13;20;40;845;29;40;0,73;42,25;48,89;0;South Korea;Asiatic Region;"Korea Institute of Science and Technology Information";"2017-2025";"Information Systems and Management (Q3); Library and Information Sciences (Q3); Information Systems (Q4)";"Computer Science; Decision Sciences; Social Sciences"
163;21100791249;"Pakistan Journal of Information Management and Libraries";journal;"24097462";"University of the Punjab";Yes;No;0,184;Q3;13;4;43;159;16;40;0,15;39,75;27,27;0;Pakistan;Asiatic Region;"University of the Punjab";"2014-2024";"Library and Information Sciences (Q3); Computer Science Applications (Q4)";"Computer Science; Social Sciences"
164;8300153137;"International Journal of Metadata, Semantics and Ontologies";journal;"1744263X, 17442621";"Inderscience Enterprises Ltd";No;No;0,183;Q3;23;10;53;353;31;53;0,52;35,30;39,39;0;United Kingdom;Western Europe;"Inderscience Enterprises Ltd";"2006-2024";"Library and Information Sciences (Q3); Computer Science Applications (Q4); E-learning (Q4); Information Systems (Q4)";"Computer Science; Social Sciences"
165;12492;"Journal of Information Science and Engineering";journal;"10162364";"Institute of Information Science";No;No;0,183;Q3;44;77;265;2271;231;265;0,83;29,49;34,09;0;Taiwan;Asiatic Region;"Institute of Information Science";"1993-1994, 1996-2026";"Library and Information Sciences (Q3); Computational Theory and Mathematics (Q4); Hardware and Architecture (Q4); Human-Computer Interaction (Q4); Software (Q4)";"Computer Science; Social Sciences"
166;5800207822;"Terminology";journal;"15699994, 09299971";"John Benjamins Publishing Company";No;No;0,183;Q3;31;10;31;417;32;30;0,83;41,70;60,87;1;Netherlands;Western Europe;"John Benjamins Publishing Company";"1994-1998, 2000-2026";"Linguistics and Language (Q2); Communication (Q3); Library and Information Sciences (Q3)";"Social Sciences"
167;21100201051;"Annals of Library and Information Studies";journal;"09725423, 09752404";"National Institute of Science Communication and Information Resources (NISCAIR)";Yes;Yes;0,178;Q3;19;18;93;382;73;92;0,67;21,22;31,82;0;India;Asiatic Region;"National Institute of Science Communication and Information Resources (NISCAIR)";"2011-2025";"Library and Information Sciences (Q3); Computer Science Applications (Q4)";"Computer Science; Social Sciences"
168;11700154713;"Perspectivas em Ciencia da Informacao";journal;"19815344, 14139936";"Escola de Ciencia da Informacao da UFMG";Yes;Yes;0,178;Q3;14;54;148;1701;36;146;0,14;31,50;49,58;3;Brazil;Latin America;"Escola de Ciencia da Informacao da UFMG";"2008-2025";"Museology (Q2); Communication (Q3); Library and Information Sciences (Q3); Information Systems (Q4)";"Arts and Humanities; Computer Science; Social Sciences"
169;4400151723;"Webology (discontinued)";journal;"1735188X";"Webology Center";Yes;No;0,178;Q3;23;28;41;927;42;39;1,17;33,11;35,53;0;Iran;Middle East;"Webology Center";"2006-2021";"Library and Information Sciences (Q3); Human-Computer Interaction (Q4); Information Systems and Management (Q4); Software (Q4)";"Computer Science; Decision Sciences; Social Sciences"
170;21100312401;"Revista Cubana de Informacion en Ciencias de la Salud";journal;"23072113";"Centro Nacional de Informacion de Ciencias Medicas";Yes;Yes;0,172;Q3;17;39;115;930;34;95;0,30;23,85;56,58;0;Cuba;Latin America;"Centro Nacional de Informacion de Ciencias Medicas";"2013-2026";"Library and Information Sciences (Q3); Health Information Management (Q4); Health Policy (Q4)";"Health Professions; Medicine; Social Sciences"
171;15416;"Computers in Libraries";trade journal;"10417915";"Information Today";No;No;0,168;Q3;20;78;167;211;17;91;0,07;2,71;33,33;0;United States;Northern America;"Information Today";"1996-2026";"Computer Science (miscellaneous) (Q3); Library and Information Sciences (Q3)";"Computer Science; Social Sciences"
172;21100222537;"Intelligent Systems Reference Library";book series;"18684394, 18684408";"Springer Science + Business Media";No;No;0,166;Q3;49;195;581;6150;346;108;0,53;31,54;0,00;2;United States;Northern America;"Springer Science + Business Media";"2009-2026";"Computer Science (miscellaneous) (Q3); Library and Information Sciences (Q3); Information Systems and Management (Q4)";"Computer Science; Decision Sciences; Social Sciences"
173;21100200830;"International Journal of Information Science and Management";journal;"20088310, 20088302";"Regional Information Center for Science and Technology";Yes;Yes;0,166;Q3;16;16;53;545;25;53;0,42;34,06;57,14;0;Iran;Middle East;"Regional Information Center for Science and Technology";"2008-2025";"Library and Information Sciences (Q3); Information Systems and Management (Q4); Management Information Systems (Q4); Statistics, Probability and Uncertainty (Q4)";"Business, Management and Accounting; Decision Sciences; Social Sciences"
174;4700152734;"Journal of Hospital Librarianship";journal;"15323277, 15323269";"Routledge";No;No;0,166;Q3;16;41;115;584;26;115;0,20;14,24;78,79;0;United Kingdom;Western Europe;"Routledge";"2001-2026";"Library and Information Sciences (Q3); Medicine (miscellaneous) (Q4)";"Medicine; Social Sciences"
175;145292;"Development and Learning in Organizations";journal;"14777282";"Emerald Group Publishing Ltd.";No;No;0,163;Q3;26;71;176;236;50;168;0,25;3,32;49,18;0;United Kingdom;Western Europe;"Emerald Group Publishing Ltd.";"2003-2026";"Library and Information Sciences (Q3); Organizational Behavior and Human Resource Management (Q4)";"Business, Management and Accounting; Social Sciences"
176;21100834359;"Methis";journal;"17366852, 22284745";"University of Tartu Press";Yes;Yes;0,160;Q3;5;22;30;805;7;26;0,23;36,59;42,86;0;Estonia;Eastern Europe;"University of Tartu Press";"2017-2025";"Literature and Literary Theory (Q1); Visual Arts and Performing Arts (Q1); Cultural Studies (Q2); Library and Information Sciences (Q3)";"Arts and Humanities; Social Sciences"
177;21100346235;"AIB Studi";journal;"22396152, 22809112";"Associazione Italiana Biblioteche";Yes;Yes;0,159;Q3;7;21;90;664;29;82;0,34;31,62;60,87;2;Italy;Western Europe;"Associazione Italiana Biblioteche";"2014-2025";"Library and Information Sciences (Q3)";"Social Sciences"
178;300147004;"Journal of Educational Media and Library Sciences";journal;"1013090X";"Tamkang University";Yes;Yes;0,159;Q3;10;16;43;448;14;36;0,25;28,00;47,83;0;Taiwan;Asiatic Region;"Tamkang University";"2005-2025";"Archeology (arts and humanities) (Q2); Conservation (Q2); Library and Information Sciences (Q3); Information Systems (Q4)";"Arts and Humanities; Computer Science; Social Sciences"
179;21100205109;"Scire";journal;"11353716";"Facultad de Filosofia y Letras - Universidad de Zaragoza";Yes;No;0,159;Q3;7;12;45;426;10;45;0,27;35,50;32,00;0;Spain;Western Europe;"Facultad de Filosofia y Letras - Universidad de Zaragoza";"2011-2024";"Communication (Q3); Library and Information Sciences (Q3)";"Social Sciences"
180;21100888590;"Revista Interamericana de Bibliotecologia";journal;"25389866, 01200976";"Escuela Interamericana de Bibliotecologia";Yes;Yes;0,156;Q3;12;39;79;890;27;70;0,28;22,82;57,30;0;Colombia;Latin America;"Escuela Interamericana de Bibliotecologia";"2000-2026";"Library and Information Sciences (Q3)";"Social Sciences"
181;5900152801;"Art Documentation";journal;"21619417, 07307187";"University of Chicago Press";No;No;0,154;Q3;9;20;68;0;18;65;0,23;0,00;84,62;1;United States;Northern America;"University of Chicago Press";"2015-2025";"Visual Arts and Performing Arts (Q1); Archeology (arts and humanities) (Q2); Library and Information Sciences (Q3)";"Arts and Humanities; Social Sciences"
182;4000152101;"Advances in Library Administration and Organization";book series;"07320671";"Emerald Group Publishing Ltd.";No;No;0,149;Q3;10;12;71;285;22;40;0,32;23,75;54,55;0;United Kingdom;Western Europe;"Emerald Group Publishing Ltd.";"2000-2002, 2004-2012, 2014-2022, 2025-2026";"Library and Information Sciences (Q3); Public Administration (Q4)";"Social Sciences"
183;4700152748;"Journal of Electronic Resources in Medical Libraries";journal;"15424065, 15424073";"Routledge";No;No;0,148;Q3;17;17;63;99;27;62;0,16;5,82;70,59;0;United States;Northern America;"Routledge";"2003-2026";"Library and Information Sciences (Q3); Health (social science) (Q4)";"Social Sciences"
184;21100808441;"Teorie Vedy / Theory of Science";journal;"12100250, 18046347";"Czech Academy of Sciences";Yes;Yes;0,147;-;7;11;41;401;8;39;0,00;36,45;50,00;0;Czech Republic;Eastern Europe;"Czech Academy of Sciences";"2010-2025";"History and Philosophy of Science (Q3)";"Arts and Humanities"
185;21100241782;"Ibersid";journal;"2174081X, 18880967";"Universidad de Zaragoza, Facultad de Filosofia y Letras";No;No;0,146;Q3;7;13;57;241;17;57;0,29;18,54;33,33;0;Spain;Western Europe;"Universidad de Zaragoza, Facultad de Filosofia y Letras";"2012-2025";"Communication (Q3); Library and Information Sciences (Q3); Computer Networks and Communications (Q4); Information Systems (Q4)";"Computer Science; Social Sciences"
186;4800152306;"Journal of Digital Information Management (discontinued)";journal;"09727272";"Digital Information Research Foundation";No;No;0,146;Q3;18;0;84;0;49;72;0,40;0,00;0,00;0;India;Asiatic Region;"Digital Information Research Foundation";"2004, 2006-2017";"Library and Information Sciences (Q3); Information Systems (Q4); Management Information Systems (Q4)";"Business, Management and Accounting; Computer Science; Social Sciences"
187;14076;"Libres";journal;"10586768";"Nanyang Technological University";Yes;Yes;0,144;Q3;16;2;24;95;11;24;0,36;47,50;83,33;0;Singapore;Asiatic Region;"Nanyang Technological University";"1996-2025";"Library and Information Sciences (Q3)";"Social Sciences"
188;12810;"Journal of Information Ethics";journal;"10619321";"McFarland and Company, Inc";No;No;0,143;Q3;13;12;46;209;6;37;0,17;17,42;33,33;0;United States;Northern America;"McFarland and Company, Inc";"1992, 1994, 1996-2019, 2021-2025";"Philosophy (Q2); Library and Information Sciences (Q3)";"Arts and Humanities; Social Sciences"
189;4100151517;"Advances in Librarianship";book series;"00652830";"Emerald Group Publishing Ltd.";No;No;0,142;Q3;13;23;79;1066;25;48;0,42;46,35;0,00;0;United Kingdom;Western Europe;"Emerald Group Publishing Ltd.";"2000-2002, 2004-2006, 2008, 2010-2021, 2024-2026";"Library and Information Sciences (Q3)";"Social Sciences"
190;5000154508;"Ciencia da Informacao";journal;"15188353, 01001965";"Brazilian Institute for Information in Science and Technology";Yes;Yes;0,138;Q4;18;103;94;1887;21;87;0,26;18,32;51,21;0;Brazil;Latin America;"Brazilian Institute for Information in Science and Technology";"2006-2025";"Library and Information Sciences (Q4)";"Social Sciences"
191;21100448566;"Journal of Information Technology Teaching Cases";journal;"20438869";"Springer International Publishing AG";No;No;0,138;Q4;15;8;45;138;45;45;0,79;17,25;42,11;0;Switzerland;Western Europe;"Springer International Publishing AG";"2014-2026";"Education (Q4); Library and Information Sciences (Q4)";"Social Sciences"
192;5800208091;"Information Design Journal";journal;"01425471, 1569979X";"John Benjamins Publishing Company";No;No;0,136;Q4;24;32;85;633;36;66;0,48;19,78;31,91;0;Netherlands;Western Europe;"John Benjamins Publishing Company";"1979-1984, 1986-1987, 1989-1991, 1993-1996, 1998, 2000-2011, 2013-2014, 2016-2019, 2021-2026";"Library and Information Sciences (Q4)";"Social Sciences"
193;21100245913;"Bilgi Dunyasi";journal;"13023217, 2148354X";"University and Research Librarians Association (UNAK)";Yes;Yes;0,135;Q4;7;9;39;430;9;38;0,28;47,78;68,18;0;Turkey;Middle East;"University and Research Librarians Association (UNAK)";"2013-2025";"Library and Information Sciences (Q4)";"Social Sciences"
194;21100255395;"Anales de Documentacion (discontinued)";journal;"15752437, 16977904";"";Yes;Yes;0,134;Q4;9;9;32;308;11;32;0,45;34,22;31,58;1;Spain;Western Europe;"";"2013-2020";"Library and Information Sciences (Q4)";"Social Sciences"
195;21100224425;"Informacion, Cultura y Sociedad";journal;"15148327, 18511740";"University of Buenos Aires";Yes;Yes;0,129;Q4;10;22;58;908;10;52;0,19;41,27;63,64;2;Argentina;Latin America;"University of Buenos Aires";"2012-2025";"Library and Information Sciences (Q4)";"Social Sciences"
196;14773;"Information-Wissenschaft und Praxis";journal;"14344653, 16194292";"De Gruyter Saur";No;No;0,127;Q4;10;42;136;493;6;131;0,06;11,74;53,13;0;Germany;Western Europe;"De Gruyter Saur";"1997-2026";"Information Systems (Q4); Library and Information Sciences (Q4)";"Computer Science; Social Sciences"
197;14013;"Library Journal";journal;"03630277";"Reed Business Information (Cahners)";No;No;0,125;Q4;24;0;1;0;1;1;0,00;0,00;0,00;0;United States;Northern America;"Reed Business Information (Cahners)";"1945-1947, 1972, 1978-1994, 1997-2016";"Library and Information Sciences (Q4)";"Social Sciences"
198;21100407264;"Library of the Written Word";book series;"18744842, 18744834";"Brill Academic Publishers";No;No;0,125;Q4;13;43;228;2318;49;15;0,13;53,91;100,00;0;Netherlands;Western Europe;"Brill Academic Publishers";"2007-2026";"History (Q2); Visual Arts and Performing Arts (Q2); Communication (Q4); Library and Information Sciences (Q4)";"Arts and Humanities; Social Sciences"
199;31428;"Proceedings of the ASIST Annual Meeting";journal;"15508390";"John Wiley and Sons Inc";No;No;0,125;Q4;50;0;0;0;0;0;0,00;0,00;0,00;0;United States;Northern America;"John Wiley and Sons Inc";"1979-1987, 1992, 1996-2014";"Information Systems (Q4); Library and Information Sciences (Q4)";"Computer Science; Social Sciences"
200;21100469410;"Proceedings of the 24th Conference on the Domestic Use of Energy, DUE 2016";conference and proceedings;"-";"";No;No;0,125;-;6;0;32;0;12;30;0,00;0,00;0,00;0;United States;Northern America;"";"";"Computer Networks and Communications; Computer Vision and Pattern Recognition; Library and Information Sciences";"Computer Science; Social Sciences"
201;19900195027;"International Journal of the Book";journal;"14479567, 14479516";"Common Ground Research Networks";No;No;0,124;Q4;0;0;0;0;0;0;0,00;0,00;0,00;0;United States;Northern America;"Common Ground Research Networks";"2011-2019";"History (Q2); Literature and Literary Theory (Q2); Communication (Q4); Library and Information Sciences (Q4)";"Arts and Humanities; Social Sciences"
202;13399;"Law Library Journal";journal;"00239283";"American Association of Law Libraries";No;No;0,122;Q4;20;17;68;1424;18;67;0,26;83,76;47,37;0;United States;Northern America;"American Association of Law Libraries";"1978, 1987-2025";"Law (Q4); Library and Information Sciences (Q4)";"Social Sciences"
203;21100226830;"BiD";journal;"15755886";"Universitat de Barcelona";Yes;Yes;0,120;Q4;9;38;88;744;31;88;0,28;19,58;47,22;0;Spain;Western Europe;"Universitat de Barcelona";"2012-2025";"Library and Information Sciences (Q4)";"Social Sciences"
204;21100373617;"Biblios";journal;"15624730";"University Library System, University of Pittsburgh";Yes;Yes;0,117;Q4;7;20;83;506;21;83;0,22;25,30;47,73;0;United States;Northern America;"University Library System, University of Pittsburgh";"2013-2025";"Library and Information Sciences (Q4)";"Social Sciences"
205;19700202714;"Journal of Information and Organizational Sciences";journal;"18463312, 18469418";"University of Zagreb, Faculty of Organization and Informatics";Yes;Yes;0,117;Q4;17;15;45;530;23;40;0,50;35,33;54,84;0;Croatia;Eastern Europe;"University of Zagreb, Faculty of Organization and Informatics";"2006-2025";"Computer Science Applications (Q4); Information Systems (Q4); Library and Information Sciences (Q4)";"Computer Science; Social Sciences"
206;21100805737;"IC Revista Cientifica de Informacion y Comunicacion";journal;"21731071, 16962508";"Departamento de Periodismo I de la Universidad de Sevilla.";Yes;Yes;0,116;Q4;5;1;34;62;9;34;0,25;62,00;50,00;0;Spain;Western Europe;"Departamento de Periodismo I de la Universidad de Sevilla.";"2016-2025";"Cultural Studies (Q3); Linguistics and Language (Q3); Communication (Q4); Library and Information Sciences (Q4)";"Social Sciences"
207;21100898973;"Journal of Statistics Applications and Probability";journal;"20908423, 20908431";"Natural Sciences Publishing";No;No;0,116;Q4;19;23;40;615;15;40;0,38;26,74;36,59;0;United States;Northern America;"Natural Sciences Publishing";"2018-2026";"Library and Information Sciences (Q4); Statistical and Nonlinear Physics (Q4); Statistics and Probability (Q4); Statistics, Probability and Uncertainty (Q4)";"Decision Sciences; Mathematics; Physics and Astronomy; Social Sciences"
208;21100943572;"Journal of the Canadian Health Libraries Association";journal;"17086892";"Canadian Health Libraries Association";Yes;Yes;0,116;Q4;8;12;11;215;1;7;0,09;17,92;72,22;0;Canada;Northern America;"Canadian Health Libraries Association";"2018-2025";"Library and Information Sciences (Q4); Medicine (miscellaneous) (Q4)";"Medicine; Social Sciences"
209;21100936713;"Manuscript Studies";journal;"23801190, 23815329";"University of Pennsylvania Press";Yes;No;0,115;Q4;7;14;61;370;11;61;0,14;26,43;42,11;0;United States;Northern America;"University of Pennsylvania Press";"2016-2025";"Literature and Literary Theory (Q2); Conservation (Q3); Library and Information Sciences (Q4)";"Arts and Humanities; Social Sciences"
210;4700152752;"Slavic and East European Information Resources";journal;"15229041, 15228886";"Routledge";No;No;0,115;Q4;6;17;62;40;6;54;0,14;2,35;40,00;0;United States;Northern America;"Routledge";"2001-2026";"Linguistics and Language (Q3); Library and Information Sciences (Q4)";"Social Sciences"
211;21100945719;"International Journal of Media and Information Literacy";journal;"2500106X";"Cherkas Global University Press";Yes;No;0,114;Q4;11;9;28;246;6;28;0,00;27,33;66,67;0;United States;Northern America;"Cherkas Global University Press";"2016-2025";"Communication (Q4); Education (Q4); Library and Information Sciences (Q4)";"Social Sciences"
212;21100901898;"Revista Digital de Biblioteconomia e Ciencia da Informacao";journal;"1678765X";"Universidade Estadual de Campinas UNICAMP";Yes;Yes;0,114;Q4;7;48;40;1531;13;39;0,33;31,90;60,95;0;Brazil;Latin America;"Universidade Estadual de Campinas UNICAMP";"2018-2026";"Education (Q4); Information Systems (Q4); Library and Information Sciences (Q4); Public Administration (Q4)";"Computer Science; Social Sciences"
213;21100898016;"Digital Humanities Quarterly";journal;"19384122";"Alliance of Digital Humanities Organisations";Yes;Yes;0,112;Q4;15;30;57;889;21;56;0,37;29,63;50,00;0;United States;Northern America;"Alliance of Digital Humanities Organisations";"2018-2025";"Arts and Humanities (miscellaneous) (Q4); Communication (Q4); Computer Networks and Communications (Q4); Library and Information Sciences (Q4)";"Arts and Humanities; Computer Science; Social Sciences"
214;13964;"Library";journal;"17448581, 00242160";"Oxford University Press";No;No;0,112;Q4;19;8;52;505;9;49;0,13;63,13;57,14;0;United Kingdom;Western Europe;"Oxford University Press";"1889-1899, 1901-2025";"Arts and Humanities (miscellaneous) (Q4); Library and Information Sciences (Q4)";"Arts and Humanities; Social Sciences"
215;16096;"Notes and Queries";journal;"00293970, 14716941";"Oxford University Press";No;No;0,111;Q4;11;166;515;2488;32;215;0,07;14,99;34,23;0;United Kingdom;Western Europe;"Oxford University Press";"1849-2025";"Literature and Literary Theory (Q2); Linguistics and Language (Q3); Library and Information Sciences (Q4)";"Arts and Humanities; Social Sciences"
216;6500153237;"Fontes Artis Musicae";journal;"00156191";"Music Library Association";No;No;0,110;Q4;7;18;53;521;5;47;0,03;28,94;65,00;0;United States;Northern America;"Music Library Association";"2002-2025";"Music (Q3); Library and Information Sciences (Q4)";"Arts and Humanities; Social Sciences"
217;4700152762;"Journal of Archival Organization";journal;"15332748, 15332756";"Routledge";No;No;0,110;Q4;15;16;39;26;3;30;0,08;1,63;75,86;1;United States;Northern America;"Routledge";"2002, 2004-2025";"Library and Information Sciences (Q4)";"Social Sciences"
218;14760;"Zeitschrift fur Bibliothekswesen und Bibliographie";journal;"18642950, 00442380";"Vittorio Klostermann";No;No;0,110;Q4;6;30;128;477;5;123;0,05;15,90;38,71;0;Germany;Western Europe;"Vittorio Klostermann";"1969, 1988-2025";"Library and Information Sciences (Q4)";"Social Sciences"
219;23739;"Quaerendo";journal;"00149527, 15700690";"Brill Academic Publishers";No;No;0,109;Q4;10;11;46;310;8;44;0,28;28,18;50,00;0;Netherlands;Western Europe;"Brill Academic Publishers";"1971-1979, 1981-1985, 1987-2025";"History (Q3); Library and Information Sciences (Q4)";"Arts and Humanities; Social Sciences"
220;21100854118;"Wacana";journal;"14112272, 24076899";"Faculty of Humanities, University of Indonesia";Yes;Yes;0,107;Q4;9;28;76;902;10;69;0,13;32,21;46,67;0;Indonesia;Asiatic Region;"Faculty of Humanities, University of Indonesia";"2015-2025";"Cultural Studies (Q3); Anthropology (Q4); Arts and Humanities (miscellaneous) (Q4); Library and Information Sciences (Q4)";"Arts and Humanities; Social Sciences"
221;23018;"Logos (The Netherlands)";journal;"18784712, 09579656";"Brill Academic Publishers";No;No;0,106;Q4;9;9;63;123;7;51;0,08;13,67;62,50;0;Netherlands;Western Europe;"Brill Academic Publishers";"1994, 1996-2025";"Literature and Literary Theory (Q3); Media Technology (Q3); Communication (Q4); Computer Science Applications (Q4); Education (Q4); Library and Information Sciences (Q4)";"Arts and Humanities; Computer Science; Engineering; Social Sciences"
222;21100375879;"GL-Conference Series: Conference Proceedings";conference and proceedings;"13862316";"TextRelease";No;No;0,106;-;5;17;55;233;6;51;0,15;13,71;47,06;0;Netherlands;Western Europe;"TextRelease";"2007-2009, 2011-2020, 2022-2024";"Computer Science Applications; Information Systems; Library and Information Sciences";"Computer Science; Social Sciences"
223;21100255068;"Masaryk University Journal of Law and Technology";journal;"18025951, 18025943";"Faculty of Law, Masaryk University";Yes;No;0,105;Q4;10;16;33;757;14;32;0,33;47,31;57,89;0;Czech Republic;Eastern Europe;"Faculty of Law, Masaryk University";"2013-2025";"Computer Science Applications (Q4); Law (Q4); Library and Information Sciences (Q4)";"Computer Science; Social Sciences"
224;21100782654;"Archiving 2016 - Final Program and Proceedings";conference and proceedings;"-";"";No;No;0,105;-;3;0;25;0;3;23;0,00;0,00;0,00;0;United States;Northern America;"";"";"Computer Networks and Communications; Electrical and Electronic Engineering; Signal Processing";"Computer Science; Engineering"
225;21100426626;"Islamic Manuscripts and Books";book series;"18779964";"Brill Academic Publishers";No;No;0,104;Q4;6;19;43;686;8;9;0,20;36,11;0,00;0;Netherlands;Western Europe;"Brill Academic Publishers";"2010-2012, 2014-2019, 2022, 2025";"Cultural Studies (Q3); Visual Arts and Performing Arts (Q3); Library and Information Sciences (Q4)";"Arts and Humanities; Social Sciences"
226;21100268077;"Analecta Hibernica";book series;"07916167";"The Irish Manuscripts Commission Ltd.";No;No;0,103;Q4;3;4;10;192;1;9;0,10;48,00;0,00;0;Ireland;Western Europe;"The Irish Manuscripts Commission Ltd.";"2011-2013, 2015, 2017-2020, 2022";"History (Q3); Library and Information Sciences (Q4)";"Arts and Humanities; Social Sciences"
227;21100805799;"Boletim do Arquivo da Universidade de Coimbra";journal;"21827974, 08725632";"Imprensa da Universidade de Coimbra";Yes;Yes;0,103;Q4;4;5;26;185;6;26;0,30;37,00;75,00;0;Portugal;Western Europe;"Imprensa da Universidade de Coimbra";"2016-2025";"Conservation (Q4); Library and Information Sciences (Q4)";"Arts and Humanities; Social Sciences"
228;17600155217;"Document Numerique";journal;"19631014, 12795127";"Lavoisier";No;No;0,103;Q4;8;6;32;224;5;28;0,17;37,33;52,17;0;France;Western Europe;"Lavoisier";"2001-2004, 2006-2016, 2018-2019";"Library and Information Sciences (Q4)";"Social Sciences"
229;19600166417;"Script and Print";journal;"18349013";"Australian and New Zealand Student Services Association";No;No;0,103;Q4;5;16;34;80;1;24;0,05;5,00;42,86;0;Australia;Pacific Region;"Australian and New Zealand Student Services Association";"2008-2022";"Literature and Literary Theory (Q3); Visual Arts and Performing Arts (Q3); Library and Information Sciences (Q4)";"Arts and Humanities; Social Sciences"
230;4700152796;"Journal of Interlibrary Loan, Document Delivery and Electronic Reserve";journal;"1072303X, 15403572";"Routledge";No;No;0,102;Q4;15;8;34;97;2;31;0,04;12,13;58,82;0;United States;Northern America;"Routledge";"1994, 1996-1997, 2000, 2002-2003, 2005-2021";"Library and Information Sciences (Q4)";"Social Sciences"
231;21100867474;"Przeglad Archiwalny Instytutu Pamieci Narodowej";journal;"18991254";"Instytut Pamieci Narodowej w Polsce";No;No;0,102;Q4;2;15;39;206;1;39;0,00;13,73;33,33;0;Poland;Eastern Europe;"Instytut Pamieci Narodowej w Polsce";"2016-2024";"Conservation (Q4); History (Q4); Library and Information Sciences (Q4)";"Arts and Humanities; Social Sciences"
232;23759;"Revue Francaise d'Histoire du Livre";book series;"00379212";"Librairie Droz SA";No;No;0,102;Q4;1;0;14;0;0;14;0,00;0,00;0,00;0;France;Western Europe;"Librairie Droz SA";"1979, 2014, 2016";"History (Q4); Library and Information Sciences (Q4)";"Arts and Humanities; Social Sciences"
233;14096;"Transactions of the Cambridge Bibliographical Society";journal;"00686611";"Cambridge Bibliographical Society";No;No;0,102;Q4;6;7;13;267;2;13;0,00;38,14;16,67;0;United Kingdom;Western Europe;"Cambridge Bibliographical Society";"1971, 1979-1980, 1982, 1988, 2002-2011, 2013-2017, 2019-2021";"Literature and Literary Theory (Q3); Library and Information Sciences (Q4)";"Arts and Humanities; Social Sciences"
234;20500195100;"Tuna";journal;"14064030";"National Archives of Estonia";No;No;0,102;Q4;5;50;107;497;3;58;0,03;9,94;38,10;0;Estonia;Eastern Europe;"National Archives of Estonia";"2011-2014, 2017-2025";"History (Q4); Library and Information Sciences (Q4)";"Arts and Humanities; Social Sciences"
235;21100220377;"Advances in Classification Research Online";conference and proceedings;"23249773";"";No;No;0,102;-;9;0;11;0;0;10;0,00;0,00;0,00;0;United States;Northern America;"";"";"Applied Mathematics; Computer Science Applications; Library and Information Sciences; Statistics, Probability and Uncertainty";"Computer Science; Decision Sciences; Mathematics; Social Sciences"
236;6000167588;"Archives";journal;"00039535";"British Records Association";No;No;0,101;Q4;4;10;24;350;6;23;0,21;35,00;66,67;0;United Kingdom;Western Europe;"British Records Association";"2011-2025";"History (Q4); Library and Information Sciences (Q4)";"Arts and Humanities; Social Sciences"
237;21100897266;"Bibliothecae.it";journal;"22807934, 22839364";"Universita di Bologna, Dipartimento di Beni Culturali, Alma Mater Studiorum";Yes;Yes;0,101;Q4;4;29;29;733;2;27;0,07;25,28;54,55;0;Italy;Western Europe;"Universita di Bologna, Dipartimento di Beni Culturali, Alma Mater Studiorum";"2018-2025";"History (Q4); Information Systems (Q4); Library and Information Sciences (Q4)";"Arts and Humanities; Computer Science; Social Sciences"
238;15689;"Bulletin of the John Rylands Library";journal;"20549326, 20549318";"Manchester University Press";No;No;0,101;Q4;8;10;40;1066;4;36;0,12;106,60;63,64;0;United Kingdom;Western Europe;"Manchester University Press";"1946-1948, 1971-1972, 1990, 1999, 2002-2006, 2012, 2014-2025";"Arts and Humanities (miscellaneous) (Q4); Library and Information Sciences (Q4)";"Arts and Humanities; Social Sciences"
239;4700152781;"Community and Junior College Libraries";journal;"02763915, 15452522";"Routledge";No;No;0,101;Q4;12;0;23;0;2;18;0,00;0,00;0,00;0;United States;Northern America;"Routledge";"1982-1989, 1991, 1995, 1999-2017";"Education (Q4); E-learning (Q4); Library and Information Sciences (Q4)";"Social Sciences"
240;21100427626;"East Asian Publishing and Society";journal;"22106278, 22106286";"Brill Academic Publishers";No;No;0,101;Q4;5;5;18;282;6;18;0,36;56,40;20,00;0;Netherlands;Western Europe;"Brill Academic Publishers";"2011-2025";"Communication (Q4); Library and Information Sciences (Q4); Media Technology (Q4)";"Engineering; Social Sciences"
241;21100886541;"Knygotyra";journal;"23450053, 02042061";"Vilnius University";Yes;Yes;0,101;Q4;4;10;33;427;1;32;0,03;42,70;50,00;0;Lithuania;Eastern Europe;"Vilnius University";"2018-2025";"Literature and Literary Theory (Q3); Communication (Q4); Library and Information Sciences (Q4)";"Arts and Humanities; Social Sciences"
242;13413;"Legal Reference Services Quarterly";journal;"0270319X, 1540949X";"Taylor and Francis Ltd.";No;No;0,101;Q4;10;10;33;0;3;33;0,10;0,00;60,00;0;United States;Northern America;"Taylor and Francis Ltd.";"1981-2026";"Law (Q4); Library and Information Sciences (Q4)";"Social Sciences"
243;13970;"Library and Information Science";journal;"03734447";"Mita Society for Library and Information Science";No;No;0,101;Q4;6;4;26;85;1;26;0,05;21,25;50,00;0;Japan;Asiatic Region;"Mita Society for Library and Information Science";"1980-2025";"Library and Information Sciences (Q4)";"Social Sciences"
244;23808;"Scriptorium";journal;"00369772";"Centre d'Etude des Manuscrits";No;No;0,101;Q4;11;13;33;1051;2;32;0,07;80,85;26,67;0;Belgium;Western Europe;"Centre d'Etude des Manuscrits";"1972, 1975, 1977-1979, 1982, 1984-1985, 1987, 1997, 2002-2023";"Library and Information Sciences (Q4); Visual Arts and Performing Arts (Q4)";"Arts and Humanities; Social Sciences"
245;21100900060;"Tekst, Kniga, Knigoizdaniye";journal;"23062061, 23113774";"Tomsk State University - Faculty of Philology";Yes;No;0,101;Q4;3;24;27;432;1;27;0,04;18,00;85,19;0;Russian Federation;Eastern Europe;"Tomsk State University - Faculty of Philology";"2018-2025";"Visual Arts and Performing Arts (Q3); Communication (Q4); Information Systems (Q4); Library and Information Sciences (Q4); Media Technology (Q4)";"Arts and Humanities; Computer Science; Engineering; Social Sciences"
246;5800224021;"Bulletin des Bibliotheques de France";journal;"00062006, 12928399";"Ecole Nationale Superieure des Sciences de l'Information et des Bibliotheques";Yes;No;0,100;Q4;3;1;133;3;0;71;0,00;3,00;0,00;0;France;Western Europe;"Ecole Nationale Superieure des Sciences de l'Information et des Bibliotheques";"2012-2025";"Library and Information Sciences (Q4)";"Social Sciences"
247;17600155225;"Documentaliste: Sciences de l'Information";journal;"00124508";"Association des Professionnels de l'Information et de la Documentation (ADBS)";No;No;0,100;Q4;6;0;73;0;1;63;0,00;0,00;0,00;0;France;Western Europe;"Association des Professionnels de l'Information et de la Documentation (ADBS)";"2001-2016";"Communication (Q4); Library and Information Sciences (Q4)";"Social Sciences"
248;4700152768;"EContent";trade journal;"15252531";"Online Inc.";No;No;0,100;Q4;10;59;130;0;8;75;0,05;0,00;0,00;0;United States;Northern America;"Online Inc.";"1999-2019";"Information Systems (Q4); Library and Information Sciences (Q4)";"Computer Science; Social Sciences"
249;21100237620;"Gazette des Archives";journal;"00165522";"Association des archivistes francais (AAF)";No;No;0,100;Q4;4;80;179;929;6;163;0,05;11,61;62,63;0;France;Western Europe;"Association des archivistes francais (AAF)";"1976, 2012-2025";"History (Q4); Library and Information Sciences (Q4)";"Arts and Humanities; Social Sciences"
250;21100820204;"Manuscripta Orientalia";journal;"24153613, 12385018";"Thesa Publishers";No;No;0,100;Q4;4;14;43;297;3;43;0,06;21,21;37,50;1;Russian Federation;Eastern Europe;"Thesa Publishers";"2016-2025";"Cultural Studies (Q4); Library and Information Sciences (Q4); Linguistics and Language (Q4); Literature and Literary Theory (Q4)";"Arts and Humanities; Social Sciences"
251;19400156821;"Papers of the Bibliographical Society of America";journal;"23776528, 0006128X";"Bibliographical Society of America";No;No;0,100;Q4;9;13;47;0;8;47;0,14;0,00;22,22;0;United States;Northern America;"Bibliographical Society of America";"1941, 1947, 1969-1972, 1975, 1979, 1989, 1993, 1995-1996, 2004-2005, 2008-2025";"Library and Information Sciences (Q4); Literature and Literary Theory (Q4)";"Arts and Humanities; Social Sciences"
252;5100155102;"Prologue";journal;"00331031";"National Archives and Records Administration";No;No;0,100;Q4;4;0;66;0;1;45;0,00;0,00;0,00;0;United States;Northern America;"National Archives and Records Administration";"1977, 1980, 1982, 1987, 2000, 2006-2017";"History (Q4); Library and Information Sciences (Q4)";"Arts and Humanities; Social Sciences"
253;21101196739;"Acervo";journal;"22378723, 0102700X";"Arquivo Nacional";Yes;Yes;;-;2;32;0;754;0;0;0,00;23,56;64,29;0;Brazil;Latin America;"Arquivo Nacional";"2019-2025";"History; Library and Information Sciences";"Arts and Humanities; Social Sciences"
254;21100945165;"Acta Informatica Pragensia";journal;"18054951";"";Yes;Yes;;-;12;6;0;203;0;0;0,00;33,83;41,67;1;Czech Republic;Eastern Europe;"";"2019-2025";"Computer Science Applications; Information Systems; Library and Information Sciences; Management Information Systems";"Business, Management and Accounting; Computer Science; Social Sciences"
255;21101114008;"Anuario Electronico de Estudios en Comunicacion Social Disertaciones";journal;"18569536";"Universidad del Rosario";Yes;Yes;;-;5;23;0;596;0;0;0,00;25,91;73,17;1;Colombia;Latin America;"Universidad del Rosario";"2019-2026";"Communication; Library and Information Sciences";"Social Sciences"
256;21101133572;"Atlanti+";journal;"26704560, 26704579";"International Institute for Archival Science Trieste - Maribor";No;No;;-;3;13;0;238;0;0;0,00;18,31;38,46;0;Italy;Western Europe;"International Institute for Archival Science Trieste - Maribor";"2019-2025";"History; Library and Information Sciences";"Arts and Humanities; Social Sciences"
257;21101120357;"AtoZ";journal;"2237826X";"Programa de Pos-Graduacao em Gestao da Informacao, Universidade Federal do Parana";Yes;Yes;;-;5;22;0;451;0;0;0,00;20,50;52,17;0;Brazil;Latin America;"Programa de Pos-Graduacao em Gestao da Informacao, Universidade Federal do Parana";"2019-2025";"Information Systems; Library and Information Sciences; Strategy and Management";"Business, Management and Accounting; Computer Science; Social Sciences"
258;21101158608;"Bibliotecas";journal;"14093049, 16593286";"Universidad Nacional";Yes;Yes;;-;3;5;0;102;0;0;0,00;20,40;50,00;0;Costa Rica;Latin America;"Universidad Nacional";"2019-2025";"Library and Information Sciences";"Social Sciences"
259;21100942831;"Bibliotecas, Anales de Investigacion";journal;"16838947, 0006176X";"Biblioteca Nacional de Cuba Jose Marti";Yes;Yes;;-;9;28;0;844;0;0;0,00;30,14;59,26;0;Cuba;Latin America;"Biblioteca Nacional de Cuba Jose Marti";"2019-2025";"Library and Information Sciences";"Social Sciences"
260;21101120354;"Bibliotekarz Podlaski";journal;"25448900, 16407806";"Ksiaznica Podlaska";No;No;;-;2;91;0;1735;0;0;0,00;19,07;60,27;0;Poland;Eastern Europe;"Ksiaznica Podlaska";"2019-2025";"Cultural Studies; History; Library and Information Sciences; Literature and Literary Theory";"Arts and Humanities; Social Sciences"
261;21100936586;"Book History";journal;"10987371, 15291499";"Johns Hopkins University Press";No;No;;-;6;12;0;0;0;0;0,00;0,00;55,56;0;United States;Northern America;"Johns Hopkins University Press";"2019-2025";"Conservation; History; Library and Information Sciences";"Arts and Humanities; Social Sciences"
262;21100944123;"Comma";journal;"20493355, 16801865";"Liverpool University Press";No;No;;-;3;13;0;213;0;0;0,00;16,38;64,29;0;United Kingdom;Western Europe;"Liverpool University Press";"2019-2023";"Conservation; Library and Information Sciences";"Arts and Humanities; Social Sciences"
263;21101040634;"Comparative Oriental Manuscript Studies Bulletin";journal;"24100951";"Universitat Hamburg";Yes;Yes;;-;5;8;0;273;0;0;0,00;34,13;55,56;0;Germany;Western Europe;"Universitat Hamburg";"2019-2024";"Conservation; Library and Information Sciences; Linguistics and Language; Literature and Literary Theory";"Arts and Humanities; Social Sciences"
264;21101038721;"Data Analysis and Knowledge Discovery";journal;"20963467";"Chinese Academy of Sciences";No;No;;-;17;156;0;4446;0;0;0,00;28,50;37,91;0;China;Asiatic Region;"Chinese Academy of Sciences";"2019-2025";"Artificial Intelligence; Computer Science Applications; Information Systems; Library and Information Sciences";"Computer Science; Social Sciences"
265;21101086775;"Data and Information Management";journal;"25439251";"Elsevier Ltd";Yes;No;;-;20;14;26;609;15;26;0,58;43,50;32,14;1;United Kingdom;Western Europe;"Elsevier Ltd";"2017-2026";"Computer Science (miscellaneous); Library and Information Sciences";"Computer Science; Social Sciences"
266;21101061989;"Data Intelligence";journal;"2641435X, 20967004";"Science Press";Yes;Yes;;-;31;22;0;622;0;0;0,00;28,27;34,15;5;China;Asiatic Region;"Science Press";"2019-2025";"Artificial Intelligence; Computer Science Applications; Information Systems; Library and Information Sciences";"Computer Science; Social Sciences"
267;21100901947;"Digital Presentation and Preservation of Cultural and Scientific Heritage";conference and proceedings;"25350366, 13144006";"Bulgarian Academy of Sciences, Institute of Mathematics and Informatics";Yes;No;;-;9;47;291;489;47;279;0,16;10,40;38,58;0;Bulgaria;Eastern Europe;"Bulgarian Academy of Sciences, Institute of Mathematics and Informatics";"2014, 2017-2025";"Computer Science Applications; Information Systems; Library and Information Sciences; Museology";"Arts and Humanities; Computer Science; Social Sciences"
268;21101228213;"Discover Computing";journal;"29482992";"Springer Science and Business Media B.V.";Yes;No;;-;67;24;68;1126;186;63;2,59;46,92;21,62;1;Netherlands;Western Europe;"Springer Science and Business Media B.V.";"2024-2026";"Information Systems; Library and Information Sciences";"Computer Science; Social Sciences"
269;21101185486;"Documentation, Information and Knowledge";journal;"10032797";"";No;No;;-;11;75;0;1617;0;0;0,00;21,56;0,00;0;China;Asiatic Region;"";"2019-2025";"Communication; Library and Information Sciences; Social Sciences (miscellaneous)";"Social Sciences"
270;21101039156;"Encontros Bibli";journal;"15182924";"Universidade Federal de Santa Catarina";Yes;Yes;;-;10;36;0;969;0;0;0,00;26,92;60,87;1;Brazil;Latin America;"Universidade Federal de Santa Catarina";"2019-2025";"Information Systems; Library and Information Sciences; Management Information Systems";"Business, Management and Accounting; Computer Science; Social Sciences"
271;21101184587;"Folia Toruniensia";journal;"16413792, 26574837";"Provincial Public Library - The Copernicus Library in Torun";Yes;Yes;;-;3;13;0;297;0;0;0,00;22,85;56,25;0;Poland;Eastern Europe;"Provincial Public Library - The Copernicus Library in Torun";"2019-2025";"Library and Information Sciences; Linguistics and Language";"Social Sciences"
272;21101188408;"Frontiers in Research Metrics and Analytics";journal;"25040537";"Frontiers Media SA";Yes;No;;-;29;5;43;97;88;40;1,89;19,40;21,43;1;Switzerland;Western Europe;"Frontiers Media SA";"2016-2026";"Library and Information Sciences; Social Sciences (miscellaneous)";"Social Sciences"
273;21100942399;"IAFOR Journal of Literature and Librarianship";journal;"21870608";"The International Academic Forum (IAFOR)";Yes;Yes;;-;4;8;0;266;0;0;0,00;33,25;66,67;0;Japan;Asiatic Region;"The International Academic Forum (IAFOR)";"2019-2025";"Library and Information Sciences; Literature and Literary Theory";"Arts and Humanities; Social Sciences"
274;21100945772;"In Monte Artium";journal;"20313098, 25070312";"OpenEditions Journals";No;No;;-;2;5;0;79;0;0;0,00;15,80;20,00;0;France;Western Europe;"OpenEditions Journals";"2019-2021, 2023, 2025";"Arts and Humanities (miscellaneous); History; Library and Information Sciences; Literature and Literary Theory; Music";"Arts and Humanities; Social Sciences"
275;21100914959;"Indexer";journal;"17560632, 00194131";"Liverpool University Press";No;No;;-;6;39;0;226;0;0;0,00;5,79;67,86;1;United Kingdom;Western Europe;"Liverpool University Press";"2019-2025";"Arts and Humanities (miscellaneous); Library and Information Sciences";"Arts and Humanities; Social Sciences"
276;21101180700;"Indian Journal of Information Sources and Services";journal;"22316094";"The Research Publication";No;No;;-;21;85;0;859;0;0;0,00;10,11;33,33;0;India;Asiatic Region;"The Research Publication";"2019-2026";"Library and Information Sciences";"Social Sciences"
277;21101048046;"Information and Culture";journal;"21663033, 21648034";"University of Texas Press";No;No;;-;17;19;53;1183;14;52;0,16;62,26;33,33;0;United States;Northern America;"University of Texas Press";"2012-2025";"Conservation; History; Library and Information Sciences";"Arts and Humanities; Social Sciences"
278;21101076095;"Information and Media";journal;"27836207";"Vilnius University Press";Yes;Yes;;-;6;18;43;962;8;41;0,19;53,44;65,00;0;Lithuania;Eastern Europe;"Vilnius University Press";"2021-2025";"Information Systems and Management; Management of Technology and Innovation; Media Technology; Physics and Astronomy (miscellaneous); Political Science and International Relations; Sociology and Political Science";"Business, Management and Accounting; Decision Sciences; Engineering; Physics and Astronomy; Social Sciences"
279;21101101868;"Information, Medium, and Society";journal;"26911507, 26911515";"Common Ground Research Networks";No;No;;-;5;4;30;142;3;30;0,21;35,50;40,00;0;United States;Northern America;"Common Ground Research Networks";"2020, 2022-2025";"Communication; History; Library and Information Sciences; Literature and Literary Theory";"Arts and Humanities; Social Sciences"
280;21100970313;"Information Sciences Letters (discontinued)";journal;"2090956X, 20909551";"Natural Sciences Publishing";No;No;;-;28;14;0;405;0;0;0,00;28,93;14,81;0;United States;Northern America;"Natural Sciences Publishing";"2019-2023";"Applied Mathematics; Computer Science Applications; Library and Information Sciences";"Computer Science; Mathematics; Social Sciences"
281;21101039230;"International Journal of Information, Diversity and Inclusion";journal;"25743430";"University of Hawaii at Manoa";Yes;Yes;;-;11;27;0;1101;0;0;0,00;40,78;80,00;0;United States;Northern America;"University of Hawaii at Manoa";"2019-2025";"Library and Information Sciences; Social Sciences (miscellaneous)";"Social Sciences"
282;21101112619;"International Journal of Legal Information";journal;"07311265, 23314117";"Cambridge University Press";No;No;;-;4;13;0;655;0;0;0,00;50,38;50,00;1;United Kingdom;Western Europe;"Cambridge University Press";"1995, 1999, 2008, 2010-2012, 2014-2025";"Law; Library and Information Sciences";"Social Sciences"
283;21100925733;"International Journal of Public Administration in the Digital Age";journal;"23344539, 23344520";"IGI Global Publishing";No;No;;-;10;16;0;826;0;0;0,00;51,63;33,33;0;United States;Northern America;"IGI Global Publishing";"2019-2021, 2023-2025";"Computer Science Applications; Library and Information Sciences; Public Administration";"Computer Science; Social Sciences"
284;19900189254;"International Journal of Technology, Knowledge and Society";journal;"28350391, 18323669";"Common Ground Research Networks";No;No;;-;11;8;21;324;4;21;0,21;40,50;38,46;0;United States;Northern America;"Common Ground Research Networks";"2008-2014, 2016-2025";"Computer Science Applications; Education; Engineering (miscellaneous); Library and Information Sciences; Social Sciences (miscellaneous)";"Computer Science; Engineering; Social Sciences"
285;21101186199;"Journal of Learning Spaces";journal;"21586195";"University of North Carolina at Greensboro";No;No;;-;10;12;0;344;0;0;0,00;28,67;57,14;0;United States;Northern America;"University of North Carolina at Greensboro";"2019-2023";"Education; Library and Information Sciences; Public Administration";"Social Sciences"
286;21101133331;"Journal of Librarianship and Scholarly Communication";journal;"21623309";"Iowa State University Digital Press";Yes;Yes;;-;10;17;0;603;0;0;0,00;35,47;66,67;5;United States;Northern America;"Iowa State University Digital Press";"2015, 2018-2025";"Communication; Library and Information Sciences";"Social Sciences"
287;21101061455;"Journal of Library and Information Science in Agriculture";journal;"10021248";"Agricultural Information Institute, Chinese Academy of Agricultural Sciences";Yes;No;;-;9;104;0;2536;0;0;0,00;24,38;50,49;0;China;Asiatic Region;"Agricultural Information Institute, Chinese Academy of Agricultural Sciences";"2019-2025";"Agricultural and Biological Sciences (miscellaneous); Library and Information Sciences";"Agricultural and Biological Sciences; Social Sciences"
288;21100916534;"Journal of Library and Information Studies";journal;"16067509, 23099119";"National Taiwan University, Department of Library and Information Science";Yes;Yes;;-;4;11;0;548;0;0;0,00;49,82;23,53;0;Taiwan;Asiatic Region;"National Taiwan University, Department of Library and Information Science";"2019-2025";"Library and Information Sciences";"Social Sciences"
289;21101081523;"Journal of Library Science in China";journal;"10018867";"Editorial Office of Journal of Library Science in China";No;No;;-;13;54;0;1903;0;0;0,00;35,24;42,86;0;China;Asiatic Region;"Editorial Office of Journal of Library Science in China";"2019-2025";"Library and Information Sciences";"Social Sciences"
290;21101197263;"Journal of Modern Information";journal;"10080821";"";No;No;;-;10;237;0;5172;0;0;0,00;21,82;43,00;0;China;Asiatic Region;"";"2019-2026";"Library and Information Sciences";"Social Sciences"
291;21101087367;"Journal of Payavard Salamat";journal;"17358132, 20082665";"Tehran University of Medical Sciences";Yes;Yes;;-;7;48;0;1353;0;0;0,00;28,19;50,99;0;Iran;Middle East;"Tehran University of Medical Sciences";"2019-2025";"Health Informatics; Health Professions (miscellaneous); Library and Information Sciences; Medicine (miscellaneous); Public Health, Environmental and Occupational Health";"Health Professions; Medicine; Social Sciences"
292;21100983214;"Journal of Scientometric Research";journal;"23200057, 23216654";"Phcog.Net";No;No;;-;14;36;0;894;0;0;0,00;24,83;32,88;0;India;Asiatic Region;"Phcog.Net";"2019-2025";"Computer Science Applications; Information Systems; Library and Information Sciences";"Computer Science; Social Sciences"
293;21101070239;"Knihy a Dejiny";journal;"12108510, 25712322";"Library of the Czech Academy of Sciences (LCAS)";No;No;;-;2;10;0;558;0;0;0,00;55,80;0,00;0;Czech Republic;Eastern Europe;"Library of the Czech Academy of Sciences (LCAS)";"2019-2025";"Arts and Humanities (miscellaneous); History; Library and Information Sciences";"Arts and Humanities; Social Sciences"
294;21101047909;"Moderna Arhivistika";journal;"25910884";"Maribor Provincial Archives";No;No;;-;3;22;36;265;4;36;0,11;12,05;58,82;0;Slovenia;Eastern Europe;"Maribor Provincial Archives";"2018-2025";"Library and Information Sciences; Public Administration";"Social Sciences"
295;21101049621;"Open Information Science";journal;"24511781";"Walter de Gruyter GmbH";Yes;Yes;;-;16;19;21;1183;23;21;1,10;62,26;51,72;5;Germany;Western Europe;"Walter de Gruyter GmbH";"2017-2026";"Library and Information Sciences";"Social Sciences"
296;21101079120;"Polish Libraries";journal;"23531835, 23009217";"National Library of Poland";No;No;;-;2;5;0;508;0;0;0,00;101,60;80,00;0;Poland;Eastern Europe;"National Library of Poland";"2019-2021, 2023-2025";"Arts and Humanities (miscellaneous); History; Library and Information Sciences; Museology";"Arts and Humanities; Social Sciences"
297;21101030341;"Proceedings from the Document Academy";journal;"2473215X";"University of Akron";Yes;Yes;;-;5;13;0;194;0;0;0,00;14,92;25,00;0;United States;Northern America;"University of Akron";"2019-2025";"Conservation; Library and Information Sciences";"Arts and Humanities; Social Sciences"
298;21101192303;"Record and Library Journal";journal;"24425168";"Airlangga University Faculty of Vocational Studies";Yes;Yes;;-;4;20;0;422;0;0;0,00;21,10;51,61;0;Indonesia;Asiatic Region;"Airlangga University Faculty of Vocational Studies";"2019-2025";"Human Factors and Ergonomics; Library and Information Sciences; Management Information Systems; Management of Technology and Innovation";"Business, Management and Accounting; Social Sciences"
299;21101030206;"Revista de Cancioneros Impresos y Manuscritos";journal;"22547444";"Universidad de Alicante";Yes;Yes;;-;3;5;7;268;1;6;0,14;53,60;80,00;0;Spain;Western Europe;"Universidad de Alicante";"2017, 2019-2026";"Library and Information Sciences; Linguistics and Language; Literature and Literary Theory";"Arts and Humanities; Social Sciences"
300;21101092537;"Transactions of the International Society for Music Information Retrieval";journal;"25143298";"Ubiquity Press";Yes;No;;-;20;8;0;311;0;0;0,00;38,88;24,14;1;United Kingdom;Western Europe;"Ubiquity Press";"2019-2025";"Library and Information Sciences; Linguistics and Language; Museology; Music";"Arts and Humanities; Social Sciences"
301;21101060465;"Umanistica Digitale";journal;"25328816";"University of Bologna Department of Classical and Italian Philology, Alma Mater Studiorum";Yes;Yes;;-;7;37;35;814;6;32;0,17;22,00;53,03;1;Italy;Western Europe;"University of Bologna Department of Classical and Italian Philology, Alma Mater Studiorum";"2017-2026";"Arts and Humanities (miscellaneous); Computer Science Applications; Computer Science (miscellaneous); Library and Information Sciences";"Arts and Humanities; Computer Science; Social Sciences"
302;21101076301;"University Library at a New Stage of Social Communications Development. Conference Proceedings";conference and proceedings;"27070476";"Dnipro National University of Railway Transport named after Academician V. Lazaryan";Yes;No;;-;7;20;0;204;0;0;0,00;10,20;66,67;0;Ukraine;Eastern Europe;"Dnipro National University of Railway Transport named after Academician V. Lazaryan";"2019-2024";"Library and Information Sciences";"Social Sciences"
303;21101046690;"Z Badan nad Ksiazka i Ksiegozbiorami Historycznymi";journal;"25448730, 18970788";"University of Warsaw";Yes;Yes;;-;3;18;0;588;0;0;0,00;32,67;60,00;0;Poland;Eastern Europe;"University of Warsaw";"2019-2025";"Arts and Humanities (miscellaneous); Communication; History; Library and Information Sciences";"Arts and Humanities; Social Sciences"
