Rank;Sourceid;Title;Type;Issn;Publisher;Open Access;Open Access Diamond;SJR;SJR Quartile;H index;Total Docs. (2020);Total Docs. (3years);Total Refs.;Total Citations (3years);Citable Docs. (3years);Citations / Doc. (2years);Ref. / Doc.;%Female;Overton;Country;Region;Publisher;Coverage;Categories;Areas
1;15574;"Information Systems Research";journal;"15265536, 10477047";"INFORMS Inst.for Operations Res.and the Management Sciences";No;No;3,507;Q1;203;71;180;5182;1035;171;5,50;72,99;23,76;6;United States;Northern America;"INFORMS Inst.for Operations Res.and the Management Sciences";"1990-2025";"Computer Networks and Communications (Q1); Information Systems (Q1); Information Systems and Management (Q1); Library and Information Sciences (Q1); Management Information Systems (Q1)";"Business, Management and Accounting; Computer Science; Decision Sciences; Social Sciences"
2;29745;"Information and Organization";journal;"14717727";"Elsevier Ltd";No;No;3,298;Q1;83;15;49;1307;376;48;7,52;87,13;41,46;4;United Kingdom;Western Europe;"Elsevier Ltd";"1996-1997, 2001-2026";"Information Systems (Q1); Library and Information Sciences (Q1); Management Information Systems (Q1); Management of Technology and Innovation (Q1); Organizational Behavior and Human Resource Management (Q1)";"Business, Management and Accounting; Computer Science; Social Sciences"
3;200147110;"Information Communication and Society";journal;"14684462, 1369118X";"Routledge";No;No;2,806;Q1;136;128;339;6655;2501;326;5,57;51,99;54,18;0;United Kingdom;Western Europe;"Routledge";"2001, 2005-2026";"Communication (Q1); Library and Information Sciences (Q1)";"Social Sciences"
4;15631;"International Journal of Information Management";journal;"02684012";"Elsevier Ltd";No;No;2,770;Q1;215;222;378;19734;5828;369;16,34;88,89;34,61;59;United Kingdom;Western Europe;"Elsevier Ltd";"1970, 1986-2026";"Artificial Intelligence (Q1); Computer Networks and Communications (Q1); Information Systems (Q1); Information Systems and Management (Q1); Library and Information Sciences (Q1); Management Information Systems (Q1); Marketing (Q1)";"Business, Management and Accounting; Computer Science; Decision Sciences; Social Sciences"
5;21100451321;"Scientific Data";journal;"20524463";"Nature Research";Yes;No;2,565;Q1;165;426;859;18305;5871;568;5,80;42,97;32,90;121;United Kingdom;Western Europe;"Nature Research";"2014-2026";"Computer Science Applications (Q1); Education (Q1); Information Systems (Q1); Library and Information Sciences (Q1); Statistics and Probability (Q1); Statistics, Probability and Uncertainty (Q1)";"Computer Science; Decision Sciences; Mathematics; Social Sciences"
6;21100933954;"Big Data and Society";journal;"20539517";"SAGE Publications Ltd";Yes;No;2,244;Q1;89;83;135;4575;971;111;5,66;55,12;45,00;43;United Kingdom;Western Europe;"SAGE Publications Ltd";"2014-2026";"Communication (Q1); Computer Science Applications (Q1); Information Systems (Q1); Information Systems and Management (Q1); Library and Information Sciences (Q1)";"Computer Science; Decision Sciences; Social Sciences"
7;14735;"Government Information Quarterly";journal;"0740624X";"Elsevier Ltd";No;No;2,121;Q1;157;74;205;5768;1957;193;8,49;77,95;31,84;42;United Kingdom;Western Europe;"Elsevier Ltd";"1984-2026";"E-learning (Q1); Law (Q1); Library and Information Sciences (Q1); Sociology and Political Science (Q1)";"Social Sciences"
8;12815;"Journal of Information Technology";journal;"14664437, 02683962";"Palgrave Macmillan Ltd.";No;No;1,939;Q1;102;22;69;1761;446;58;6,15;80,05;30,77;6;United Kingdom;Western Europe;"Palgrave Macmillan Ltd.";"1987-2026";"Information Systems (Q1); Library and Information Sciences (Q1); Strategy and Management (Q1)";"Business, Management and Accounting; Computer Science; Social Sciences"
9;14238;"College and Research Libraries";journal;"00100870, 21506701";"Association of College and Research Libraries";Yes;Yes;1,886;Q1;63;60;169;2193;427;151;2,55;36,55;64,54;2;United States;Northern America;"Association of College and Research Libraries";"1942, 1946-1947, 1954, 1964, 1987-2026";"Library and Information Sciences (Q1)";"Social Sciences"
10;5100155103;"Journal of Informetrics";journal;"18755879, 17511577";"Elsevier B.V.";No;No;1,605;Q1;107;80;275;3840;1636;243;5,47;48,00;30,26;9;Netherlands;Western Europe;"Elsevier B.V.";"2007-2026";"Applied Mathematics (Q1); Computer Science Applications (Q1); Library and Information Sciences (Q1); Management Science and Operations Research (Q1); Modeling and Simulation (Q1); Statistics and Probability (Q1)";"Computer Science; Decision Sciences; Mathematics; Social Sciences"
11;15074;"European Journal of Information Systems";journal;"0960085X, 14769344";"Taylor and Francis Ltd.";No;No;1,426;Q1;151;44;112;3513;606;102;4,55;79,84;23,77;0;United Kingdom;Western Europe;"Taylor and Francis Ltd.";"1995-2026";"Information Systems (Q1); Information Systems and Management (Q1); Library and Information Sciences (Q1); Management Information Systems (Q1)";"Business, Management and Accounting; Computer Science; Decision Sciences; Social Sciences"
12;19600157322;"Journal of Cheminformatics";journal;"17582946";"BioMed Central Ltd";Yes;No;1,350;Q1;101;73;208;4327;1300;201;5,35;59,27;22,01;6;United Kingdom;Western Europe;"BioMed Central Ltd";"2009-2026";"Computer Graphics and Computer-Aided Design (Q1); Computer Science Applications (Q1); Library and Information Sciences (Q1); Physical and Theoretical Chemistry (Q1)";"Chemistry; Computer Science; Social Sciences"
13;18916;"Social Science Computer Review";journal;"15528286, 08944393";"SAGE Publications Inc.";No;No;1,300;Q1;104;49;137;2359;595;136;4,10;48,14;36,67;18;United States;Northern America;"SAGE Publications Inc.";"1983-2026";"Computer Science Applications (Q1); Law (Q1); Library and Information Sciences (Q1); Social Sciences (miscellaneous) (Q1)";"Computer Science; Social Sciences"
14;28040;"International Journal of Geographical Information Science";journal;"13658816, 13658824";"Taylor and Francis Ltd.";No;No;1,294;Q1;149;114;342;5958;1703;336;4,24;52,26;28,79;11;United Kingdom;Western Europe;"Taylor and Francis Ltd.";"1997-2026";"Geography, Planning and Development (Q1); Information Systems (Q1); Library and Information Sciences (Q1)";"Computer Science; Social Sciences"
15;130080;"Journal of Chemical Information and Modeling";journal;"1549960X, 15499596";"American Chemical Society";No;No;1,240;Q1;219;603;1000;34387;4874;988;4,63;57,03;27,38;17;United States;Northern America;"American Chemical Society";"2005-2026";"Chemical Engineering (miscellaneous) (Q1); Chemistry (miscellaneous) (Q1); Computer Science Applications (Q1); Library and Information Sciences (Q1)";"Chemical Engineering; Chemistry; Computer Science; Social Sciences"
16;13971;"Library and Information Science Research";journal;"07408188";"Elsevier B.V.";Yes;No;1,225;Q1;74;37;104;2143;314;98;2,70;57,92;55,17;4;United Kingdom;Western Europe;"Elsevier B.V.";"1987-2026";"Information Systems (Q1); Library and Information Sciences (Q1)";"Computer Science; Social Sciences"
17;15107;"IEEE Transactions on Information Theory";journal;"00189448, 15579654";"Institute of Electrical and Electronics Engineers Inc.";No;No;1,218;Q1;310;485;1436;17455;5110;1436;3,44;35,99;17,95;0;United States;Northern America;"Institute of Electrical and Electronics Engineers Inc.";"1963-2026";"Computer Science Applications (Q1); Information Systems (Q1); Library and Information Sciences (Q1)";"Computer Science; Social Sciences"
18;17857;"Journal of the Medical Library Association";journal;"15365050, 15589439";"Medical Library Association";Yes;Yes;1,102;Q1;82;87;232;1673;576;193;2,65;19,23;69,41;6;United States;Northern America;"Medical Library Association";"1999, 2001-2026";"Health Informatics (Q1); Library and Information Sciences (Q1); Medicine (miscellaneous) (Q1)";"Medicine; Social Sciences"
19;21100258853;"F1000Research";journal;"20461402";"F1000 Research Ltd";Yes;No;1,099;-;129;679;2166;30498;7464;2103;3,10;44,92;38,10;61;United Kingdom;Western Europe;"F1000 Research Ltd";"2012-2026";"Medicine (miscellaneous) (Q1); Pharmacology, Toxicology and Pharmaceutics (miscellaneous) (Q1); Biochemistry, Genetics and Molecular Biology (miscellaneous) (Q2); Immunology and Microbiology (miscellaneous)  (Q2)";"Biochemistry, Genetics and Molecular Biology; Immunology and Microbiology; Medicine; Pharmacology, Toxicology and Pharmaceutics"
20;12689;"Information Processing and Management";journal;"18735371, 03064573";"Elsevier Ltd";No;No;1,061;Q1;149;251;303;14732;2326;298;7,62;58,69;32,15;23;United Kingdom;Western Europe;"Elsevier Ltd";"1975-2026";"Computer Science Applications (Q1); Information Systems (Q1); Library and Information Sciences (Q1); Management Science and Operations Research (Q1); Media Technology (Q1)";"Computer Science; Decision Sciences; Engineering; Social Sciences"
21;22510;"Learned Publishing";journal;"09531513, 17414857";"Wiley-Blackwell";No;No;1,060;-;52;53;154;1340;322;119;1,88;25,28;45,54;15;United States;Northern America;"Wiley-Blackwell";"1996-2026";"Communication (Q1)";"Social Sciences"
22;15933;"Portal";journal;"15307131, 15312542";"Johns Hopkins University Press";No;No;1,015;Q1;48;40;133;1462;173;118;1,14;36,55;68,06;0;United States;Northern America;"Johns Hopkins University Press";"2001-2026";"Development (Q1); Library and Information Sciences (Q1)";"Social Sciences"
23;24222;"Scientometrics";journal;"15882861, 01389130";"Springer Nature";No;No;0,999;Q1;167;434;1080;21238;3795;983;3,30;48,94;34,73;77;Switzerland;Western Europe;"Springer Nature";"1978-2026";"Computer Science Applications (Q1); Library and Information Sciences (Q1); Social Sciences (miscellaneous) (Q1)";"Computer Science; Social Sciences"
24;14060;"Library Quarterly";journal;"00242519, 1549652X";"University of Chicago Press";No;No;0,974;Q1;50;30;73;1802;176;65;1,93;60,07;69,57;2;United States;Northern America;"University of Chicago Press";"1946-1947, 1951, 1958, 1979, 1981, 1988-2026";"Library and Information Sciences (Q1)";"Social Sciences"
25;144955;"Education and Information Technologies";journal;"15737608, 13602357";"Springer";No;No;0,919;Q1;121;292;507;14934;2096;487;4,00;51,14;40,34;52;United States;Northern America;"Springer";"1996-2002, 2005-2026";"Education (Q1); E-learning (Q1); Library and Information Sciences (Q1)";"Social Sciences"
26;15916;"Journal of Health Communication";journal;"10810730, 10870415";"Taylor and Francis Ltd.";No;No;0,903;Q1;120;106;317;5518;913;315;2,50;52,06;61,63;25;United Kingdom;Western Europe;"Taylor and Francis Ltd.";"1996-2026";"Communication (Q1); Health (social science) (Q1); Library and Information Sciences (Q1); Public Health, Environmental and Occupational Health (Q2)";"Medicine; Social Sciences"
27;21100307484;"Journal of the Association for Information Science and Technology";journal;"23301643, 23301635";"John Wiley and Sons Ltd";No;No;0,903;Q1;181;112;449;6599;1586;431;3,06;58,92;37,14;15;United Kingdom;Western Europe;"John Wiley and Sons Ltd";"2014-2026";"Computer Networks and Communications (Q1); Information Systems (Q1); Information Systems and Management (Q1); Library and Information Sciences (Q1)";"Computer Science; Decision Sciences; Social Sciences"
28;2600147402;"Ethics and Information Technology";journal;"13881957, 15728439";"Springer Science and Business Media B.V.";No;No;0,901;Q1;87;30;72;1481;337;70;5,58;49,37;28,57;14;Netherlands;Western Europe;"Springer Science and Business Media B.V.";"1999-2026";"Computer Science Applications (Q1); Library and Information Sciences (Q1)";"Computer Science; Social Sciences"
29;12791;"Journal of Academic Librarianship";journal;"00991333";"Elsevier B.V.";No;No;0,889;Q1;75;113;252;4649;546;250;1,90;41,14;59,14;8;United Kingdom;Western Europe;"Elsevier B.V.";"1988-2026";"Education (Q1); Library and Information Sciences (Q1)";"Social Sciences"
30;22894;"Research Evaluation";journal;"09582029, 14715449";"Oxford University Press";No;No;0,875;Q1;70;31;96;2108;306;93;3,16;68,00;43,48;19;United Kingdom;Western Europe;"Oxford University Press";"1991-1996, 1998-2026";"Education (Q1); Library and Information Sciences (Q1)";"Social Sciences"
31;19400158815;"Communications in Information Literacy";journal;"19335954";"Communications in Information Literacy";Yes;Yes;0,863;Q1;26;21;50;658;71;44;0,96;31,33;87,10;0;United States;Northern America;"Communications in Information Literacy";"2009-2025";"Education (Q1); E-learning (Q1); Library and Information Sciences (Q1)";"Social Sciences"
32;145600;"International Journal of Law and Information Technology";journal;"09670769, 14643693";"Oxford University Press";No;No;0,850;Q1;28;13;44;726;126;44;3,07;55,85;54,17;4;United Kingdom;Western Europe;"Oxford University Press";"1993-2026";"Law (Q1); Library and Information Sciences (Q1)";"Social Sciences"
33;20870;"Telecommunications Policy";journal;"03085961";"Elsevier Ltd";No;No;0,840;-;101;84;224;5184;861;212;3,60;61,71;31,58;51;United Kingdom;Western Europe;"Elsevier Ltd";"1976-2026";"Electrical and Electronic Engineering (Q1); Human Factors and Ergonomics (Q1); Information Systems (Q1)";"Computer Science; Engineering; Social Sciences"
34;4700152789;"Collection Management";journal;"01462679, 15452549";"Routledge";No;No;0,822;Q1;24;31;79;588;69;68;0,94;18,97;52,08;1;United States;Northern America;"Routledge";"1976, 1978-1979, 1981-1999, 2001-2025";"Library and Information Sciences (Q1); Strategy and Management (Q1)";"Business, Management and Accounting; Social Sciences"
35;30004;"Health Information and Libraries Journal";journal;"14711842, 14711834";"Wiley-Blackwell Publishing Ltd";No;No;0,779;Q1;57;52;107;1215;237;88;1,90;23,37;63,06;3;United Kingdom;Western Europe;"Wiley-Blackwell Publishing Ltd";"2001-2025";"Library and Information Sciences (Q1); Health Informatics (Q2); Health Information Management (Q2)";"Health Professions; Medicine; Social Sciences"
36;130065;"Journal of Enterprise Information Management";journal;"17410398";"Emerald Publishing";No;No;0,741;Q1;100;102;145;8096;829;141;5,84;79,37;31,07;0;United Kingdom;Western Europe;"Emerald Publishing";"2004-2026";"Information Systems (Q1); Library and Information Sciences (Q1); Decision Sciences (miscellaneous) (Q2); Management of Technology and Innovation (Q2)";"Business, Management and Accounting; Computer Science; Decision Sciences; Social Sciences"
37;130132;"Information Technology and People";journal;"09593845";"Emerald Group Publishing Ltd.";No;No;0,717;Q1;92;91;167;8233;678;166;3,98;90,47;38,64;0;United Kingdom;Western Europe;"Emerald Group Publishing Ltd.";"1990, 1992, 1994-2026";"Information Systems (Q1); Library and Information Sciences (Q1); Computer Science Applications (Q2)";"Computer Science; Social Sciences"
38;13316;"Journal of Librarianship and Information Science";journal;"09610006, 17416477";"SAGE Publications Ltd";No;No;0,717;Q1;45;91;161;4947;377;161;2,30;54,36;56,65;9;United Kingdom;Western Europe;"SAGE Publications Ltd";"1969-2026";"Library and Information Sciences (Q1)";"Social Sciences"
39;21100829944;"Journal of Education for Library and Information Science";journal;"07485786, 23282967";"University of Toronto Press";No;No;0,716;Q1;16;31;68;661;81;58;1,28;21,32;68,75;1;Canada;Northern America;"University of Toronto Press";"2011, 2017-2026";"Library and Information Sciences (Q1); Education (Q2)";"Social Sciences"
40;144671;"Reference Services Review";journal;"00907324";"Emerald Group Publishing Ltd.";No;No;0,706;Q1;46;49;132;1887;168;116;1,02;38,51;73,96;0;United Kingdom;Western Europe;"Emerald Group Publishing Ltd.";"1973-2026";"Library and Information Sciences (Q1); E-learning (Q2)";"Social Sciences"
41;6200180164;"Profesional de la Informacion (discontinued)";journal;"16992407, 13866710";"El Profesional de la Informacion";No;No;0,698;Q1;56;193;365;10393;917;365;2,38;53,85;50,56;59;Spain;Western Europe;"El Profesional de la Informacion";"2006-2025";"Communication (Q1); Cultural Studies (Q1); Information Systems (Q1); Library and Information Sciences (Q1)";"Computer Science; Social Sciences"
42;13992;"Library Collections, Acquisition and Technical Services";journal;"14649055, 18731821";"Taylor and Francis Ltd.";No;No;0,686;Q1;24;0;6;0;14;6;0,00;0,00;0,00;0;United Kingdom;Western Europe;"Taylor and Francis Ltd.";"1980-1997, 1999-2015, 2017";"Information Systems (Q1); Library and Information Sciences (Q1)";"Computer Science; Social Sciences"
43;12794;"Journal of Documentation";journal;"00220418";"Emerald Group Publishing Ltd.";No;No;0,675;Q1;80;77;223;5038;511;223;2,09;65,43;52,63;0;United Kingdom;Western Europe;"Emerald Group Publishing Ltd.";"1945-2026";"Information Systems (Q1); Library and Information Sciences (Q1)";"Computer Science; Social Sciences"
44;23842;"Journal of Classification";journal;"01764268, 14321343";"Springer New York";No;No;0,657;Q1;51;44;86;1297;135;77;1,56;29,48;17,71;1;United States;Northern America;"Springer New York";"1984-2026";"Library and Information Sciences (Q1); Mathematics (miscellaneous) (Q2); Psychology (miscellaneous) (Q2); Statistics, Probability and Uncertainty (Q2)";"Decision Sciences; Mathematics; Psychology; Social Sciences"
45;15386;"Online Information Review";journal;"14684527, 14684535";"Emerald Publishing";No;No;0,624;Q1;85;86;209;5252;618;206;2,58;61,07;44,91;0;United Kingdom;Western Europe;"Emerald Publishing";"1980-1995, 1997, 1999-2026";"Library and Information Sciences (Q1); Computer Science Applications (Q2); Information Systems (Q2)";"Computer Science; Social Sciences"
46;15442;"Information Systems Management";journal;"10580530";"Taylor and Francis Ltd.";No;No;0,617;Q1;77;40;82;1491;211;67;1,98;37,28;27,63;5;United Kingdom;Western Europe;"Taylor and Francis Ltd.";"1992-2026";"Library and Information Sciences (Q1); Computer Science Applications (Q2); Information Systems (Q2)";"Computer Science; Social Sciences"
47;21100888812;"Journal of Data and Information Science";journal;"2096157X, 2543683X";"";Yes;Yes;0,605;Q1;23;40;65;960;232;63;1,84;24,00;29,70;4;Poland;Eastern Europe;"";"2016-2026";"Library and Information Sciences (Q1); Information Systems and Management (Q2); Public Administration (Q2)";"Decision Sciences; Social Sciences"
48;4700152781;"Community and Junior College Libraries";journal;"02763915, 15452522";"Routledge";No;No;0,582;Q1;12;0;10;0;3;8;0,00;0,00;0,00;0;United States;Northern America;"Routledge";"1982-1989, 1991, 1995, 1999-2017";"Library and Information Sciences (Q1); Education (Q2); E-learning (Q2)";"Social Sciences"
49;14066;"Library Trends";journal;"15590682, 00242594";"Johns Hopkins University Press";No;No;0,581;Q1;57;31;120;1272;138;109;1,19;41,03;41,79;3;United States;Northern America;"Johns Hopkins University Press";"1980-2026";"Library and Information Sciences (Q1)";"Social Sciences"
50;4700152795;"Journal of Library Administration";journal;"01930826, 15403564";"Routledge";No;No;0,578;Q1;36;68;175;1565;174;175;0,91;23,01;73,15;8;United States;Northern America;"Routledge";"1980-2026";"Library and Information Sciences (Q1); Public Administration (Q2)";"Social Sciences"
51;18735;"Accountability in Research";journal;"15455815, 08989621";"Taylor and Francis Ltd.";No;No;0,576;Q1;43;36;96;1594;155;70;1,40;44,28;30,49;7;United Kingdom;Western Europe;"Taylor and Francis Ltd.";"1989-2026";"Library and Information Sciences (Q1); Education (Q2); Medicine (miscellaneous) (Q2)";"Medicine; Social Sciences"
52;4700152829;"Journal of Library and Information Services in Distance Learning";journal;"15332918, 1533290X";"Routledge";No;No;0,572;Q1;19;23;80;541;93;74;1,00;23,52;53,57;0;United States;Northern America;"Routledge";"2004-2007, 2009-2025";"Library and Information Sciences (Q1); E-learning (Q2)";"Social Sciences"
53;21100374356;"Aslib Journal of Information Management";journal;"20503806, 20503814";"Emerald Group Publishing Ltd.";No;No;0,558;Q1;58;53;130;3123;327;126;2,13;58,92;45,71;0;United Kingdom;Western Europe;"Emerald Group Publishing Ltd.";"2014-2026";"Library and Information Sciences (Q1); Information Systems (Q2)";"Computer Science; Social Sciences"
54;15420;"Electronic Library";journal;"02640473";"Emerald Group Publishing Ltd.";No;No;0,554;Q1;53;66;209;3294;424;207;1,90;49,91;41,76;0;United Kingdom;Western Europe;"Emerald Group Publishing Ltd.";"1983-2026";"Library and Information Sciences (Q1); Computer Science Applications (Q2)";"Computer Science; Social Sciences"
55;144644;"Library Management";journal;"01435124";"Emerald Group Publishing Ltd.";No;No;0,552;Q1;43;59;142;2120;179;140;1,23;35,93;46,28;0;United Kingdom;Western Europe;"Emerald Group Publishing Ltd.";"1979-2025";"Library and Information Sciences (Q1)";"Social Sciences"
56;144908;"Library Hi Tech";journal;"07378831";"Emerald Group Publishing Ltd.";No;No;0,541;Q1;59;76;157;4144;381;152;2,44;54,53;38,95;0;United Kingdom;Western Europe;"Emerald Group Publishing Ltd.";"1983-2025";"Library and Information Sciences (Q1); Information Systems (Q2)";"Computer Science; Social Sciences"
57;19700201446;"New Review of Academic Librarianship";journal;"13614533, 17407834";"Taylor and Francis Ltd.";No;No;0,540;Q1;30;20;85;768;124;79;1,36;38,40;73,81;1;United Kingdom;Western Europe;"Taylor and Francis Ltd.";"1995-2026";"Library and Information Sciences (Q1); E-learning (Q2)";"Social Sciences"
58;147225;"Computers in the Schools";journal;"07380569, 15287033";"Routledge";No;No;0,524;Q1;41;15;58;668;101;54;1,67;44,53;57,14;3;United States;Northern America;"Routledge";"1984-1997, 1999, 2001-2026";"Computer Science (miscellaneous) (Q1); Library and Information Sciences (Q1); Education (Q2)";"Computer Science; Social Sciences"
59;4700152908;"Knowledge Management Research and Practice";journal;"14778238, 14778246";"Taylor and Francis Ltd.";No;No;0,516;Q1;62;38;142;2841;423;141;2,58;74,76;41,84;5;United Kingdom;Western Europe;"Taylor and Francis Ltd.";"2006-2026";"Library and Information Sciences (Q1); Business and International Management (Q2); Management Information Systems (Q2); Management of Technology and Innovation (Q2); Management Science and Operations Research (Q2); Strategy and Management (Q2)";"Business, Management and Accounting; Decision Sciences; Social Sciences"
60;21100212132;"DESIDOC Journal of Library and Information Technology";journal;"09740643, 09764658";"Defence Scientific Information and Documentation Centre";No;No;0,514;Q1;22;55;175;1288;228;171;1,30;23,42;33,70;2;India;Asiatic Region;"Defence Scientific Information and Documentation Centre";"2012-2025";"Library and Information Sciences (Q1)";"Social Sciences"
61;4700152804;"Internet Reference Services Quarterly";journal;"15404749, 10875301";"Routledge";No;No;0,512;Q1;24;15;19;336;22;19;1,40;22,40;50,00;0;United States;Northern America;"Routledge";"1996-2002, 2004-2018, 2020-2026";"Library and Information Sciences (Q1); E-learning (Q2)";"Social Sciences"
62;12709;"Information Technology and Libraries";journal;"07309295, 21635226";"American Library Association";Yes;Yes;0,502;Q1;42;45;101;700;81;72;0,81;15,56;54,69;0;United States;Northern America;"American Library Association";"1968, 1971-1974, 1981, 1988-2025";"Library and Information Sciences (Q1); Information Systems (Q2)";"Computer Science; Social Sciences"
63;12813;"Journal of Information Science";journal;"01655515, 17416485";"SAGE Publications Ltd";No;No;0,499;Q1;86;54;157;2487;581;156;3,82;46,06;34,84;4;United Kingdom;Western Europe;"SAGE Publications Ltd";"1979-2026";"Library and Information Sciences (Q1); Information Systems (Q2)";"Computer Science; Social Sciences"
64;21100877203;"Journal of Law, Information and Science";journal;"22003517";"University of Tasmania, Faculty of Law";No;No;0,497;Q2;7;0;6;0;8;6;0,00;0,00;0,00;0;Australia;Pacific Region;"University of Tasmania, Faculty of Law";"2014-2017";"Law (Q1); Library and Information Sciences (Q2)";"Social Sciences"
65;21100895684;"Global Knowledge, Memory and Communication";journal;"25149350, 25149342";"Emerald Group Publishing Ltd.";No;No;0,494;Q2;46;66;122;3254;162;121;1,32;49,30;38,79;0;United Kingdom;Western Europe;"Emerald Group Publishing Ltd.";"2018-2026";"Library and Information Sciences (Q2)";"Social Sciences"
66;21100329302;"Journal of Information Literacy";journal;"17505968";"CILIP Information Literacy Group";Yes;Yes;0,479;Q2;19;13;74;641;90;59;0,98;49,31;67,86;1;United Kingdom;Western Europe;"CILIP Information Literacy Group";"2010, 2014-2025";"Education (Q2); E-learning (Q2); Library and Information Sciences (Q2)";"Social Sciences"
67;4700152758;"Reference Librarian";journal;"02763877, 15411117";"Routledge";No;No;0,477;Q2;27;19;72;502;106;69;1,51;26,42;75,00;0;United States;Northern America;"Routledge";"1982-2025";"Library and Information Sciences (Q2)";"Social Sciences"
68;7600153106;"Malaysian Journal of Library and Information Science";journal;"13946234";"Faculty of Computer Science and Information Technology";No;No;0,471;Q2;31;20;60;1007;81;60;1,18;50,35;27,08;0;Malaysia;Asiatic Region;"Faculty of Computer Science and Information Technology";"1996-2025";"Library and Information Sciences (Q2)";"Social Sciences"
69;4700152731;"Public Library Quarterly";journal;"01616846, 15411540";"Routledge";No;No;0,464;Q2;26;36;92;988;91;82;0,66;27,44;63,64;4;United States;Northern America;"Routledge";"1979-1986, 1988-2026";"Library and Information Sciences (Q2)";"Social Sciences"
70;16800154717;"IFLA Journal";journal;"03400352, 17452651";"SAGE Publications Ltd";No;No;0,463;Q2;31;28;83;1344;94;74;0,78;48,00;53,19;1;United Kingdom;Western Europe;"SAGE Publications Ltd";"1975-2026";"Library and Information Sciences (Q2)";"Social Sciences"
71;6400153106;"Information Development";journal;"17416469, 02666669";"SAGE Publications Ltd";No;No;0,452;Q2;48;43;168;2345;304;143;1,73;54,53;26,67;5;United Kingdom;Western Europe;"SAGE Publications Ltd";"1985-2026";"Library and Information Sciences (Q2)";"Social Sciences"
72;21100857424;"SCIRES-IT";journal;"22394303";"Caspur -Ciber Publishing";Yes;Yes;0,447;Q2;14;38;62;1054;78;57;1,50;27,74;44,30;0;Italy;Western Europe;"Caspur -Ciber Publishing";"2016-2025";"Conservation (Q1); Computer Networks and Communications (Q2); Computer Science Applications (Q2); Information Systems (Q2); Library and Information Sciences (Q2)";"Arts and Humanities; Computer Science; Social Sciences"
73;21100788884;"International Journal of Multimedia Information Retrieval";journal;"21926611, 2192662X";"Springer London";No;No;0,446;Q2;37;21;65;1546;261;61;4,93;73,62;18,75;0;United Kingdom;Western Europe;"Springer London";"2012-2026";"Media Technology (Q1); Information Systems (Q2); Library and Information Sciences (Q2)";"Computer Science; Engineering; Social Sciences"
74;16004;"Reference and User Services Quarterly";journal;"10949054";"American Library Association";No;No;0,443;Q2;41;0;121;0;96;104;0,85;0,00;0,00;0;United States;Northern America;"American Library Association";"1997-2019, 2021, 2024-2025";"Information Systems (Q2); Library and Information Sciences (Q2)";"Computer Science; Social Sciences"
75;21100908544;"Global Intellectual History";journal;"23801883, 23801891";"Taylor and Francis Ltd.";No;No;0,441;Q2;10;25;62;1184;31;54;0,42;47,36;33,33;0;United Kingdom;Western Europe;"Taylor and Francis Ltd.";"2016-2026";"Cultural Studies (Q1); History (Q1); Arts and Humanities (miscellaneous) (Q2); Library and Information Sciences (Q2)";"Arts and Humanities; Social Sciences"
76;19400158481;"Journal of Web Librarianship";journal;"19322909, 19322917";"Routledge";No;No;0,437;Q2;24;6;45;179;42;43;0,93;29,83;72,73;0;United States;Northern America;"Routledge";"2007-2026";"Computer Science Applications (Q2); Library and Information Sciences (Q2)";"Computer Science; Social Sciences"
77;29335;"Education for Information";journal;"18758649, 01678329";"SAGE Publications Ltd";No;No;0,433;Q2;24;38;76;1011;108;69;1,55;26,61;61,45;0;United Kingdom;Western Europe;"SAGE Publications Ltd";"1983-2025";"Education (Q2); Information Systems (Q2); Library and Information Sciences (Q2)";"Computer Science; Social Sciences"
78;14721;"Medical Reference Services Quarterly";journal;"02763869, 15409597";"Routledge";No;No;0,430;Q2;31;39;137;561;227;134;1,76;14,38;78,46;3;United States;Northern America;"Routledge";"1982-2026";"Library and Information Sciences (Q2); Health Informatics (Q3)";"Medicine; Social Sciences"
79;21100836334;"Publications";journal;"23046775";"Multidisciplinary Digital Publishing Institute (MDPI)";Yes;No;0,423;Q2;32;53;139;2404;235;125;1,72;45,36;42,11;4;Switzerland;Western Europe;"Multidisciplinary Digital Publishing Institute (MDPI)";"2013-2025";"Media Technology (Q1); Business and International Management (Q2); Communication (Q2); Computer Science Applications (Q2); Library and Information Sciences (Q2)";"Business, Management and Accounting; Computer Science; Engineering; Social Sciences"
80;144673;"Performance Measurement and Metrics";journal;"14678047";"Emerald Group Publishing Ltd.";No;No;0,421;Q2;27;11;58;369;76;55;1,08;33,55;32,14;0;United Kingdom;Western Europe;"Emerald Group Publishing Ltd.";"2000-2026";"Literature and Literary Theory (Q1); Library and Information Sciences (Q2)";"Arts and Humanities; Social Sciences"
81;22315;"Personal and Ubiquitous Computing";journal;"16174909, 16174917";"Springer London";No;No;0,416;-;106;66;244;2447;761;226;3,02;37,08;34,73;5;United Kingdom;Western Europe;"Springer London";"1997-2026";"Computer Science Applications (Q2); Hardware and Architecture (Q2); Management Science and Operations Research (Q3)";"Computer Science; Decision Sciences"
82;21100242609;"Insights: the UKSG Journal";journal;"20487754";"United Kingdom Serials Group";Yes;Yes;0,410;Q2;21;26;113;546;93;97;0,92;21,00;58,00;0;United Kingdom;Western Europe;"United Kingdom Serials Group";"2012-2026";"Library and Information Sciences (Q2)";"Social Sciences"
83;21100805777;"Information and Learning Science";journal;"23985356, 23985348";"Emerald Publishing";No;No;0,406;Q2;43;70;159;2719;218;147;1,60;38,84;51,55;0;United Kingdom;Western Europe;"Emerald Publishing";"2017-2026";"Education (Q2); Library and Information Sciences (Q2); Computer Science Applications (Q3)";"Computer Science; Social Sciences"
84;21100814051;"Information Discovery and Delivery";journal;"23986247";"Emerald Group Publishing Ltd.";No;No;0,404;Q2;30;27;73;1368;135;70;2,02;50,67;32,47;0;United Kingdom;Western Europe;"Emerald Group Publishing Ltd.";"2017-2026";"Computer Science (miscellaneous) (Q2); Library and Information Sciences (Q2)";"Computer Science; Social Sciences"
85;4700152782;"College and Undergraduate Libraries";journal;"10691316, 15452530";"Routledge";No;No;0,403;Q2;26;5;90;71;83;88;0,88;14,20;50,00;0;United States;Northern America;"Routledge";"1994-2004, 2006-2026";"Education (Q2); Library and Information Sciences (Q2); E-learning (Q3)";"Social Sciences"
86;144979;"Records Management Journal";journal;"09565698";"Emerald Group Publishing Ltd.";No;No;0,398;Q2;30;30;62;1401;101;60;1,68;46,70;37,70;0;United Kingdom;Western Europe;"Emerald Group Publishing Ltd.";"1989-1991, 1994-2026";"Library and Information Sciences (Q2); Management Information Systems (Q2)";"Business, Management and Accounting; Social Sciences"
87;12690;"Information Research";journal;"13681613";"University of Boras";Yes;Yes;0,397;Q2;61;41;120;2108;158;110;0,81;51,41;54,64;1;Sweden;Western Europe;"University of Boras";"1996-2026";"Library and Information Sciences (Q2)";"Social Sciences"
88;21100801725;"VINE Journal of Information and Knowledge Management Systems";journal;"20595905, 20595891";"Emerald Publishing";No;No;0,397;Q2;48;59;93;4861;307;92;3,48;82,39;38,89;0;United Kingdom;Western Europe;"Emerald Publishing";"2016-2026";"Computer Networks and Communications (Q2); Information Systems (Q2); Library and Information Sciences (Q2); Management of Technology and Innovation (Q2); Computer Science Applications (Q3)";"Business, Management and Accounting; Computer Science; Social Sciences"
89;13360;"Knowledge Organization (discontinued)";journal;"09437444";"International Society for Knowledge Organization";No;No;0,395;Q2;37;47;143;2179;207;137;1,29;46,36;35,62;3;Germany;Western Europe;"International Society for Knowledge Organization";"1993-2024";"Library and Information Sciences (Q2)";"Social Sciences"
90;21100199774;"Evidence Based Library and Information Practice";journal;"1715720X";"University of Alberta";Yes;Yes;0,393;Q2;22;73;194;1139;107;168;0,45;15,60;77,14;1;Canada;Northern America;"University of Alberta";"2011-2025";"Library and Information Sciences (Q2)";"Social Sciences"
91;19700170495;"LIBER Quarterly";journal;"14355205";"";Yes;Yes;0,392;Q2;23;17;69;450;65;66;0,93;26,47;47,83;1;Netherlands;Western Europe;"";"1999-2026";"Library and Information Sciences (Q2)";"Social Sciences"
92;21100867250;"Journal of Open Research Software";journal;"20499647";"Ubiquity Press";Yes;No;0,385;Q2;20;30;61;515;133;61;2,18;17,17;19,77;0;United Kingdom;Western Europe;"Ubiquity Press";"2018-2026";"Information Systems (Q2); Library and Information Sciences (Q2); Software (Q2)";"Computer Science; Social Sciences"
93;145290;"Bottom Line";journal;"0888045X";"Emerald Group Publishing Ltd.";No;No;0,384;Q2;33;24;51;1373;128;50;2,61;57,21;33,87;0;United Kingdom;Western Europe;"Emerald Group Publishing Ltd.";"1988-2026";"Business, Management and Accounting (miscellaneous) (Q2); Library and Information Sciences (Q2)";"Business, Management and Accounting; Social Sciences"
94;15133;"Information Retrieval Journal";journal;"13864564, 15737659";"Springer Science and Business Media B.V.";No;No;0,379;Q2;0;0;0;0;0;0;0,00;0,00;0,00;0;Netherlands;Western Europe;"Springer Science and Business Media B.V.";"1999-2023";"Information Systems (Q2); Library and Information Sciences (Q2)";"Computer Science; Social Sciences"
95;11500153514;"Revista Espanola de Documentacion Cientifica";journal;"02100614, 19884621";"CSIC Consejo Superior de Investigaciones Cientificas";Yes;Yes;0,369;Q2;24;30;92;1264;115;92;1,29;42,13;35,35;5;Spain;Western Europe;"CSIC Consejo Superior de Investigaciones Cientificas";"1984, 2008-2025";"Library and Information Sciences (Q2)";"Social Sciences"
96;145200;"International Journal on Digital Libraries";journal;"14325012, 14321300";"Springer Verlag";No;No;0,367;Q2;42;26;82;1202;161;73;2,04;46,23;18,67;3;Germany;Western Europe;"Springer Verlag";"1997-1998, 2000, 2004-2010, 2012-2026";"Library and Information Sciences (Q2)";"Social Sciences"
97;145510;"Libri";journal;"18658423, 00242667";"De Gruyter Saur";Yes;Yes;0,362;Q2;33;25;71;1476;66;71;0,90;59,04;50,79;0;Germany;Western Europe;"De Gruyter Saur";"1950, 1953-1956, 1958-2026";"Library and Information Sciences (Q2)";"Social Sciences"
98;19700181431;"Journal of Decision Systems";journal;"21167052, 12460125";"Taylor and Francis Ltd.";No;No;0,353;-;42;55;76;2220;148;73;2,18;40,36;31,90;2;United Kingdom;Western Europe;"Taylor and Francis Ltd.";"1992-2026";"Management Information Systems (Q2); Software (Q3)";"Business, Management and Accounting; Computer Science"
99;21100829144;"Journal of the Australian Library and Information Association";journal;"24750158, 24750166";"Taylor and Francis Ltd.";No;No;0,352;Q2;32;35;103;1443;75;82;0,62;41,23;73,02;1;United Kingdom;Western Europe;"Taylor and Francis Ltd.";"2017-2026";"Library and Information Sciences (Q2)";"Social Sciences"
100;21100836108;"Knowledge Cultures";journal;"23756527, 23275731";"Addleton Academic Publishers";No;No;0,350;Q2;19;35;95;767;104;90;1,51;21,91;43,48;0;United States;Northern America;"Addleton Academic Publishers";"2013-2025";"Cultural Studies (Q1); History (Q1); Literature and Literary Theory (Q1); Philosophy (Q1); Law (Q2); Library and Information Sciences (Q2); Sociology and Political Science (Q2); Education (Q3)";"Arts and Humanities; Social Sciences"
101;145663;"Language Resources and Evaluation";journal;"1574020X, 15740218";"Springer Science and Business Media B.V.";No;No;0,350;Q2;70;40;110;2313;260;104;2,32;57,83;40,71;5;Netherlands;Western Europe;"Springer Science and Business Media B.V.";"1996-2002, 2005-2026";"Linguistics and Language (Q1); Library and Information Sciences (Q2); Education (Q3)";"Social Sciences"
102;4700152802;"Journal of Business and Finance Librarianship";journal;"15470644, 08963568";"Routledge";No;No;0,348;Q2;23;21;50;580;36;48;0,48;27,62;69,70;2;United States;Northern America;"Routledge";"1990-1992, 1994, 1996-2026";"Library and Information Sciences (Q2); Management Information Systems (Q2); E-learning (Q3); Marketing (Q3)";"Business, Management and Accounting; Social Sciences"
103;27984;"Fukushima Journal of Medical Sciences";journal;"00162590, 21854610";"Fukushima Society of Medical Science";No;No;0,343;-;23;23;63;616;88;63;1,51;26,78;19,01;2;Japan;Asiatic Region;"Fukushima Society of Medical Science";"1964-2026";"Medicine (miscellaneous) (Q3)";"Medicine"
104;98245;"Library Resources and Technical Services";journal;"00242527";"American Library Association";Yes;No;0,342;Q2;26;16;61;479;26;50;0,49;29,94;73,91;0;United States;Northern America;"American Library Association";"1978-1979, 1981-1984, 1988-2025";"Library and Information Sciences (Q2); Information Systems (Q3)";"Computer Science; Social Sciences"
105;5600155499;"Canadian Journal of Program Evaluation";journal;"08341516";"Canadian Journal of Program Evaluation";No;No;0,341;Q2;24;32;100;728;67;78;0,67;22,75;63,89;2;Canada;Northern America;"Canadian Journal of Program Evaluation";"1996, 2000-2001, 2003, 2005-2010, 2012-2025";"Library and Information Sciences (Q2)";"Social Sciences"
106;21100264483;"Cuadernos.info";journal;"0719367X, 07193661";"Pontificia Universidad Catolica de Chile";Yes;Yes;0,340;Q2;20;26;86;1421;82;81;0,89;54,65;53,45;3;Chile;Latin America;"Pontificia Universidad Catolica de Chile";"2013-2025";"Communication (Q2); Library and Information Sciences (Q2)";"Social Sciences"
107;12749;"International Information and Library Review";journal;"10959297, 10572317";"Taylor and Francis Ltd.";No;No;0,335;Q2;34;40;107;1084;80;107;0,79;27,10;59,02;4;United Kingdom;Western Europe;"Taylor and Francis Ltd.";"1992-2026";"Library and Information Sciences (Q2); E-learning (Q3)";"Social Sciences"
108;25547;"Interacting with Computers";journal;"18737951, 09535438";"Oxford University Press";No;No;0,328;-;100;42;114;2691;231;114;1,95;64,07;39,01;2;United Kingdom;Western Europe;"Oxford University Press";"1989-2026";"Human-Computer Interaction (Q3); Software (Q3)";"Computer Science"
109;144983;"Archival Science";journal;"13890166, 15737500";"Springer Science and Business Media B.V.";No;No;0,327;Q2;48;22;57;856;76;52;1,35;38,91;71,05;3;Netherlands;Western Europe;"Springer Science and Business Media B.V.";"2001-2026";"History (Q1); Library and Information Sciences (Q2)";"Arts and Humanities; Social Sciences"
110;21100857955;"Data Technologies and Applications";journal;"25149288, 25149318";"Emerald Publishing";Yes;No;0,322;Q2;40;41;84;1853;200;83;2,42;45,20;24,21;0;United Kingdom;Western Europe;"Emerald Publishing";"2018-2026";"Library and Information Sciences (Q2); Information Systems (Q3)";"Computer Science; Social Sciences"
111;5400152654;"Journal of Access Services";journal;"15367967, 15367975";"Routledge";No;No;0,321;Q2;15;23;54;180;26;52;0,23;7,83;54,84;1;United States;Northern America;"Routledge";"2002-2026";"Library and Information Sciences (Q2)";"Social Sciences"
112;15069;"World Patent Information";journal;"01722190";"Elsevier Ltd";No;No;0,320;Q2;42;29;116;783;131;103;1,16;27,00;30,36;4;United Kingdom;Western Europe;"Elsevier Ltd";"1979-2026";"Library and Information Sciences (Q2); Bioengineering (Q3); Computer Science Applications (Q3); Energy Engineering and Power Technology (Q3); Fuel Technology (Q3); Process Chemistry and Technology (Q3); Renewable Energy, Sustainability and the Environment (Q3)";"Chemical Engineering; Computer Science; Energy; Social Sciences"
113;21100970313;"Information Sciences Letters (discontinued)";journal;"2090956X, 20909551";"Natural Sciences Publishing";No;No;0,316;Q2;28;26;14;709;26;14;1,86;27,27;17,31;0;United States;Northern America;"Natural Sciences Publishing";"2019-2023";"Library and Information Sciences (Q2); Applied Mathematics (Q3); Computer Science Applications (Q3)";"Computer Science; Mathematics; Social Sciences"
114;16610;"Serials Librarian";journal;"15411095, 0361526X";"Routledge";No;No;0,315;Q2;22;78;174;65;83;165;0,38;0,83;69,72;0;United States;Northern America;"Routledge";"1977-2026";"Library and Information Sciences (Q2)";"Social Sciences"
115;12981;"Kybernetes";journal;"0368492X";"Emerald Publishing";No;No;0,306;-;65;191;329;12351;690;324;2,12;64,66;36,60;0;United Kingdom;Western Europe;"Emerald Publishing";"1972-2026";"Computer Science (miscellaneous) (Q2); Engineering (miscellaneous) (Q2); Social Sciences (miscellaneous) (Q2); Artificial Intelligence (Q3); Control and Systems Engineering (Q3); Electrical and Electronic Engineering (Q3); Information Systems (Q3); Software (Q3); Theoretical Computer Science (Q3)";"Computer Science; Engineering; Mathematics; Social Sciences"
116;15135;"Information Services and Use";journal;"01675265, 18758789";"SAGE Publications Ltd";No;No;0,304;Q2;28;50;100;883;120;90;0,55;17,66;55,84;0;United Kingdom;Western Europe;"SAGE Publications Ltd";"1981-2025";"Library and Information Sciences (Q2); Computer Science Applications (Q3); Information Systems (Q3)";"Computer Science; Social Sciences"
117;19400156823;"Issues in Science and Technology Librarianship";journal;"10921206";"Association of College and Research Libraries";Yes;Yes;0,303;Q2;24;17;64;397;21;54;0,24;23,35;58,82;0;United States;Northern America;"Association of College and Research Libraries";"1996-2026";"Engineering (miscellaneous) (Q2); Library and Information Sciences (Q2)";"Engineering; Social Sciences"
118;25991;"Social Science Information";journal;"05390184, 14617412";"SAGE Publications Ltd";No;No;0,301;Q2;51;35;99;2240;103;89;0,88;64,00;35,85;6;United Kingdom;Western Europe;"SAGE Publications Ltd";"1962-2026";"Library and Information Sciences (Q2); Social Sciences (miscellaneous) (Q2)";"Social Sciences"
119;21100201051;"Annals of Library and Information Studies";journal;"09725423, 09752404";"National Institute of Science Communication and Information Resources (NISCAIR)";Yes;Yes;0,298;Q2;19;27;79;851;67;77;0,79;31,52;30,30;0;India;Asiatic Region;"National Institute of Science Communication and Information Resources (NISCAIR)";"2011-2025";"Library and Information Sciences (Q2); Computer Science Applications (Q3)";"Computer Science; Social Sciences"
120;21100887535;"Collection and Curation";journal;"25149326";"Emerald Group Publishing Ltd.";Yes;No;0,290;Q2;22;24;58;665;46;57;0,64;27,71;41,30;0;United Kingdom;Western Europe;"Emerald Group Publishing Ltd.";"2018-2026";"Museology (Q1); Library and Information Sciences (Q2)";"Arts and Humanities; Social Sciences"
121;21100815354;"JLIS.it";journal;"20381026, 20385366";"Universita di Firenze, Dipartimento di Storia, Archeologia, Geografia, Arte e Spettacolo";Yes;Yes;0,283;Q2;11;29;114;987;65;111;0,51;34,03;47,17;1;Italy;Western Europe;"Universita di Firenze, Dipartimento di Storia, Archeologia, Geografia, Arte e Spettacolo";"2017-2026";"Conservation (Q1); Library and Information Sciences (Q2); Computer Science Applications (Q3)";"Arts and Humanities; Computer Science; Social Sciences"
122;16568;"Science and Technology Libraries";journal;"0194262X, 15411109";"Routledge";No;No;0,283;Q2;27;28;80;1139;100;79;1,10;40,68;50,00;0;United States;Northern America;"Routledge";"1980-2008, 2010-2026";"Library and Information Sciences (Q2)";"Social Sciences"
123;14239;"College and Research Libraries News";journal;"21506698, 00990086";"Association of College and Research Libraries";No;No;0,281;Q2;30;137;310;505;113;215;0,36;3,69;76,42;5;United States;Northern America;"Association of College and Research Libraries";"1986-1988, 1990-2026";"Library and Information Sciences (Q2); Education (Q3)";"Social Sciences"
124;21100241768;"Preservation, Digital Technology and Culture";journal;"21952965, 21952957";"De Gruyter Saur";No;No;0,275;Q2;15;15;68;521;34;57;0,33;34,73;65,52;1;Germany;Western Europe;"De Gruyter Saur";"2013-2026";"Conservation (Q1); Library and Information Sciences (Q2); Computer Science Applications (Q3)";"Arts and Humanities; Computer Science; Social Sciences"
125;21100801727;"Digital Library Perspectives";journal;"20595816, 20595824";"Emerald Publishing";No;No;0,274;Q2;30;44;74;1389;75;73;1,21;31,57;34,07;0;United Kingdom;Western Europe;"Emerald Publishing";"2016-2026";"Library and Information Sciences (Q2); Education (Q3); Information Systems (Q3)";"Computer Science; Social Sciences"
126;14000156125;"Language Documentation and Conservation";journal;"19345275";"University of Hawaii Press";Yes;Yes;0,268;Q2;16;80;69;3660;64;69;0,88;45,75;55,56;0;United States;Northern America;"University of Hawaii Press";"2016-2025";"Library and Information Sciences (Q2); Linguistics and Language (Q2); Computer Science Applications (Q3)";"Computer Science; Social Sciences"
127;145356;"Library Hi Tech News";journal;"07419058";"Emerald Group Publishing Ltd.";No;No;0,264;Q2;31;50;139;835;95;126;0,66;16,70;48,89;0;United Kingdom;Western Europe;"Emerald Group Publishing Ltd.";"1999-2026";"Library and Information Sciences (Q2); Information Systems (Q3)";"Computer Science; Social Sciences"
128;16611;"Serials Review";journal;"00987913";"Taylor and Francis Ltd.";No;No;0,263;Q3;28;44;139;704;62;130;0,36;16,00;71,43;4;United Kingdom;Western Europe;"Taylor and Francis Ltd.";"1973, 1975-2025";"Library and Information Sciences (Q3)";"Social Sciences"
129;19470;"Information Resources Management Journal";journal;"15337979, 10401628";"IGI Publishing";No;No;0,261;Q3;49;19;48;1080;76;48;1,53;56,84;28,89;0;United States;Northern America;"IGI Publishing";"1988-2026";"Business and International Management (Q3); Library and Information Sciences (Q3); Strategy and Management (Q3)";"Business, Management and Accounting; Social Sciences"
130;4400151723;"Webology (discontinued)";journal;"1735188X";"Webology Center";Yes;No;0,259;Q3;23;94;57;2301;93;55;1,63;24,48;41,11;0;Iran;Middle East;"Webology Center";"2006-2021";"Human-Computer Interaction (Q3); Information Systems and Management (Q3); Library and Information Sciences (Q3); Software (Q3)";"Computer Science; Decision Sciences; Social Sciences"
131;17900156721;"Journal of Electronic Resources Librarianship";journal;"1941126X, 19411278";"Routledge";No;No;0,257;Q3;18;40;114;501;41;92;0,34;12,53;65,38;0;United States;Northern America;"Routledge";"2008-2025";"Information Systems (Q3); Library and Information Sciences (Q3)";"Computer Science; Social Sciences"
132;21100900501;"International Conference on Information Systems 2018, ICIS 2018";conference and proceedings;"-";"";No;No;0,257;-;22;0;373;0;415;372;1,11;0,00;0,00;0;United States;Northern America;"";"";"Applied Mathematics; Computer Science Applications; Library and Information Sciences; Statistics, Probability and Uncertainty";"Computer Science; Decision Sciences; Mathematics; Social Sciences"
133;145258;"Informing Science";journal;"15214672, 15479684";"Informing Science Institute";Yes;No;0,253;Q3;30;8;41;427;48;40;0,85;53,38;33,33;0;United States;Northern America;"Informing Science Institute";"1997-2026";"Library and Information Sciences (Q3)";"Social Sciences"
134;21100830763;"Journal of Information Science Theory and Practice";journal;"22879099, 22874577";"Korea Institute of Science and Technology Information";Yes;Yes;0,250;Q3;13;24;60;1115;49;60;0,73;46,46;52,00;0;South Korea;Asiatic Region;"Korea Institute of Science and Technology Information";"2017-2025";"Information Systems (Q3); Information Systems and Management (Q3); Library and Information Sciences (Q3)";"Computer Science; Decision Sciences; Social Sciences"
135;19700182724;"Revista General de Informacion y Documentacion";journal;"19882858, 11321873";"Universidad Complutense Madrid";Yes;Yes;0,250;Q3;10;26;79;865;51;79;0,78;33,27;50,00;4;Spain;Western Europe;"Universidad Complutense Madrid";"2009-2025";"Library and Information Sciences (Q3)";"Social Sciences"
136;21100837856;"School Library Research";journal;"21651019";"American Library Association";No;No;0,249;Q3;19;6;16;207;15;16;0,82;34,50;69,23;0;United States;Northern America;"American Library Association";"2014-2025";"Media Technology (Q2); Library and Information Sciences (Q3)";"Engineering; Social Sciences"
137;4700152734;"Journal of Hospital Librarianship";journal;"15323277, 15323269";"Routledge";No;No;0,241;Q3;16;36;117;450;32;115;0,36;12,50;67,86;1;United Kingdom;Western Europe;"Routledge";"2001-2026";"Library and Information Sciences (Q3); Medicine (miscellaneous) (Q4)";"Medicine; Social Sciences"
138;21100346235;"AIB Studi";journal;"22396152, 22809112";"Associazione Italiana Biblioteche";Yes;Yes;0,237;Q3;7;34;85;1471;34;77;0,35;43,26;63,16;0;Italy;Western Europe;"Associazione Italiana Biblioteche";"2014-2025";"Library and Information Sciences (Q3)";"Social Sciences"
139;21100237436;"Journal of Information and Knowledge Management";journal;"02196492, 17936926";"World Scientific";No;No;0,236;Q3;30;68;138;3484;156;136;1,11;51,24;27,63;0;Singapore;Asiatic Region;"World Scientific";"2002-2026";"Computer Networks and Communications (Q3); Computer Science Applications (Q3); Library and Information Sciences (Q3)";"Computer Science; Social Sciences"
140;14046;"Library Philosophy and Practice (discontinued)";journal;"15220222";"University of Nebraska-Lincoln";Yes;No;0,233;Q3;32;825;1410;20118;615;1406;0,42;24,39;40,24;0;United States;Northern America;"University of Nebraska-Lincoln";"1998-2021";"Philosophy (Q2); Library and Information Sciences (Q3)";"Arts and Humanities; Social Sciences"
141;4700152422;"Journal of Map and Geography Libraries";journal;"15420353, 15420361";"Routledge";No;No;0,232;Q3;17;11;47;286;40;37;0,69;26,00;86,67;0;United States;Northern America;"Routledge";"2004-2026";"Library and Information Sciences (Q3)";"Social Sciences"
142;17500155021;"Grey Journal";journal;"1574180X, 15741796";"GreyNet";No;No;0,227;Q3;8;39;81;484;16;67;0,22;12,41;52,38;0;Netherlands;Western Europe;"GreyNet";"2009-2020, 2022-2024";"Library and Information Sciences (Q3)";"Social Sciences"
143;19700182210;"Library Leadership and Management";journal;"19458851, 1945886X";"American Library Association";No;No;0,226;Q3;15;22;100;310;28;85;0,15;14,09;81,25;0;United States;Northern America;"American Library Association";"2009-2026";"Library and Information Sciences (Q3); Strategy and Management (Q3)";"Business, Management and Accounting; Social Sciences"
144;21100916534;"Journal of Library and Information Studies";journal;"16067509, 23099119";"National Taiwan University, Department of Library and Information Science";Yes;Yes;0,220;Q3;4;13;11;724;5;11;0,45;55,69;50,00;0;Taiwan;Asiatic Region;"National Taiwan University, Department of Library and Information Science";"2019-2025";"Library and Information Sciences (Q3)";"Social Sciences"
145;10700153302;"International Journal of Data Mining and Bioinformatics";journal;"17485681, 17485673";"Inderscience Enterprises Ltd";No;No;0,214;Q3;26;41;126;1482;106;126;0,75;36,15;32,64;0;United Kingdom;Western Europe;"Inderscience Enterprises Ltd";"2006-2026";"Biochemistry, Genetics and Molecular Biology (miscellaneous) (Q3); Library and Information Sciences (Q3); Information Systems (Q4)";"Biochemistry, Genetics and Molecular Biology; Computer Science; Social Sciences"
146;15394;"D-Lib Magazine";journal;"10829873";"Corporation for National Research Initiatives";Yes;No;0,208;Q3;60;0;39;0;40;33;0,00;0,00;0,00;0;United States;Northern America;"Corporation for National Research Initiatives";"1996-2017";"Library and Information Sciences (Q3)";"Social Sciences"
147;21100945719;"International Journal of Media and Information Literacy";journal;"2500106X";"Cherkas Global University Press";Yes;No;0,204;Q3;11;23;26;894;30;26;1,25;38,87;57,78;0;United States;Northern America;"Cherkas Global University Press";"2016-2025";"Communication (Q3); Education (Q3); Library and Information Sciences (Q3)";"Social Sciences"
148;21100926562;"Proceedings - 2019 IEEE/ACM 4th International Workshop on Metamorphic Testing, MET 2019";conference and proceedings;"-";"";No;No;0,197;-;7;0;12;0;14;10;1,17;0,00;0,00;0;United States;Northern America;"";"";"Artificial Intelligence; Information Systems; Library and Information Sciences; Safety, Risk, Reliability and Quality";"Computer Science; Engineering; Social Sciences"
149;12492;"Journal of Information Science and Engineering";journal;"10162364";"Institute of Information Science";No;No;0,195;Q3;44;84;255;2316;193;255;0,62;27,57;23,14;0;Taiwan;Asiatic Region;"Institute of Information Science";"1993-1994, 1996-2026";"Library and Information Sciences (Q3); Computational Theory and Mathematics (Q4); Hardware and Architecture (Q4); Human-Computer Interaction (Q4); Software (Q4)";"Computer Science; Social Sciences"
150;21100898973;"Journal of Statistics Applications and Probability";journal;"20908423, 20908431";"Natural Sciences Publishing";No;No;0,194;Q3;19;56;63;1321;71;63;1,13;23,59;29,63;0;United States;Northern America;"Natural Sciences Publishing";"2018-2026";"Library and Information Sciences (Q3); Statistical and Nonlinear Physics (Q4); Statistics and Probability (Q4); Statistics, Probability and Uncertainty (Q4)";"Decision Sciences; Mathematics; Physics and Astronomy; Social Sciences"
151;4100151517;"Advances in Librarianship";book series;"00652830";"Emerald Group Publishing Ltd.";No;No;0,193;Q3;13;12;61;551;32;9;0,47;45,92;0,00;0;United Kingdom;Western Europe;"Emerald Group Publishing Ltd.";"2000-2002, 2004-2006, 2008, 2010-2021, 2024-2026";"Library and Information Sciences (Q3)";"Social Sciences"
152;21100983214;"Journal of Scientometric Research";journal;"23200057, 23216654";"Phcog.Net";No;No;0,193;Q3;14;44;36;1529;27;34;0,75;34,75;33,33;0;India;Asiatic Region;"Phcog.Net";"2019-2025";"Library and Information Sciences (Q3); Computer Science Applications (Q4); Information Systems (Q4)";"Computer Science; Social Sciences"
153;21100778750;"Proceedings of the Association for Information Science and Technology";journal;"23739231";"John Wiley &amp; Sons Inc.";No;No;0,193;Q3;29;216;580;3845;392;580;0,67;17,80;53,52;4;United States;Northern America;"John Wiley &amp; Sons Inc.";"2015-2025";"Computer Science (miscellaneous) (Q3); Library and Information Sciences (Q3)";"Computer Science; Social Sciences"
154;300147004;"Journal of Educational Media and Library Sciences";journal;"1013090X";"Tamkang University";Yes;Yes;0,189;Q3;10;15;44;471;16;37;0,37;31,40;70,00;0;Taiwan;Asiatic Region;"Tamkang University";"2005-2025";"Archeology (arts and humanities) (Q2); Conservation (Q2); Library and Information Sciences (Q3); Information Systems (Q4)";"Arts and Humanities; Computer Science; Social Sciences"
155;4700152763;"Public Services Quarterly";journal;"15229114, 15228959";"Routledge";No;No;0,189;Q3;21;23;93;295;32;80;0,29;12,83;79,41;0;United States;Northern America;"Routledge";"2002-2003, 2006-2026";"Library and Information Sciences (Q3); Accounting (Q4); Public Administration (Q4)";"Business, Management and Accounting; Social Sciences"
156;21100870209;"Proceedings - IEEE 34th International Conference on Data Engineering Workshops, ICDEW 2018";conference and proceedings;"-";"";No;No;0,189;-;7;0;31;0;36;29;1,16;0,00;0,00;0;United States;Northern America;"";"";"Information Systems; Information Systems and Management; Library and Information Sciences";"Computer Science; Decision Sciences; Social Sciences"
157;21100805737;"IC Revista Cientifica de Informacion y Comunicacion";journal;"21731071, 16962508";"Departamento de Periodismo I de la Universidad de Sevilla.";Yes;Yes;0,187;Q3;5;29;25;971;8;25;0,25;33,48;52,17;0;Spain;Western Europe;"Departamento de Periodismo I de la Universidad de Sevilla.";"2016-2025";"Cultural Studies (Q2); Linguistics and Language (Q2); Communication (Q3); Library and Information Sciences (Q3)";"Social Sciences"
158;21100886541;"Knygotyra";journal;"23450053, 02042061";"Vilnius University";Yes;Yes;0,187;Q3;4;34;43;1162;9;42;0,21;34,18;70,59;0;Lithuania;Eastern Europe;"Vilnius University";"2018-2025";"Literature and Literary Theory (Q1); Communication (Q3); Library and Information Sciences (Q3)";"Arts and Humanities; Social Sciences"
159;19700180555;"Vjesnik Bibliotekara Hrvatske";journal;"05071925, 13346938";"Hrvatsko Knjiznicarsko Drustvo";Yes;Yes;0,187;Q3;8;33;142;968;16;123;0,13;29,33;81,67;0;Croatia;Eastern Europe;"Hrvatsko Knjiznicarsko Drustvo";"2009-2025";"Library and Information Sciences (Q3)";"Social Sciences"
160;21100255068;"Masaryk University Journal of Law and Technology";journal;"18025951, 18025943";"Faculty of Law, Masaryk University";Yes;No;0,186;Q3;10;13;40;579;28;39;0,83;44,54;42,86;0;Czech Republic;Eastern Europe;"Faculty of Law, Masaryk University";"2013-2025";"Law (Q3); Library and Information Sciences (Q3); Computer Science Applications (Q4)";"Computer Science; Social Sciences"
161;21100200830;"International Journal of Information Science and Management";journal;"20088310, 20088302";"Regional Information Center for Science and Technology";Yes;Yes;0,185;Q3;16;24;61;764;33;61;0,55;31,83;42,19;0;Iran;Middle East;"Regional Information Center for Science and Technology";"2008-2025";"Information Systems and Management (Q3); Library and Information Sciences (Q3); Management Information Systems (Q4); Statistics, Probability and Uncertainty (Q4)";"Business, Management and Accounting; Decision Sciences; Social Sciences"
162;8300153137;"International Journal of Metadata, Semantics and Ontologies";journal;"1744263X, 17442621";"Inderscience Enterprises Ltd";No;No;0,185;Q3;23;26;43;1182;41;43;0,83;45,46;35,59;0;United Kingdom;Western Europe;"Inderscience Enterprises Ltd";"2006-2024";"Library and Information Sciences (Q3); Computer Science Applications (Q4); E-learning (Q4); Information Systems (Q4)";"Computer Science; Social Sciences"
163;21100791249;"Pakistan Journal of Information Management and Libraries";journal;"24097462";"University of the Punjab";Yes;No;0,184;Q3;13;6;17;273;11;15;0,36;45,50;21,43;0;Pakistan;Asiatic Region;"University of the Punjab";"2014-2024";"Library and Information Sciences (Q3); Computer Science Applications (Q4)";"Computer Science; Social Sciences"
164;21100801133;"2016 18th International Middle-East Power Systems Conference, MEPCON 2016 - Proceedings";conference and proceedings;"-";"";No;No;0,183;-;17;0;158;0;171;157;0,00;0,00;0,00;0;United States;Northern America;"";"";"Computer Networks and Communications; Control and Optimization; Energy Engineering and Power Technology; Hardware and Architecture; Information Systems; Library and Information Sciences; Renewable Energy, Sustainability and the Environment; Signal Processing";"Computer Science; Energy; Mathematics; Social Sciences"
165;19400157009;"Investigacion Bibliotecologica";journal;"0187358X, 24488321";"Universidad Nacional Autonoma de Mexico";Yes;Yes;0,182;Q3;16;40;126;1509;59;120;0,48;37,73;45,56;2;Mexico;Latin America;"Universidad Nacional Autonoma de Mexico";"2001, 2008-2025";"Library and Information Sciences (Q3)";"Social Sciences"
166;14076;"Libres";journal;"10586768";"Nanyang Technological University";Yes;Yes;0,182;Q3;16;8;16;345;12;16;0,38;43,13;18,75;0;Singapore;Asiatic Region;"Nanyang Technological University";"1996-2025";"Library and Information Sciences (Q3)";"Social Sciences"
167;12881;"Behavioral and Social Sciences Librarian";journal;"01639269, 15444546";"Routledge";No;No;0,180;Q3;19;0;15;0;5;13;0,00;0,00;0,00;0;United States;Northern America;"Routledge";"1979-2002, 2004-2017";"Library and Information Sciences (Q3); Social Sciences (miscellaneous) (Q3)";"Social Sciences"
168;21100259129;"Archives and Manuscripts";journal;"01576895, 21646058";"Australian Society of Archivists";No;No;0,175;Q3;17;22;72;0;46;59;0,54;0,00;80,00;1;Australia;Pacific Region;"Australian Society of Archivists";"2013-2024";"Communication (Q3); Library and Information Sciences (Q3)";"Social Sciences"
169;21100312401;"Revista Cubana de Informacion en Ciencias de la Salud";journal;"23072113";"Centro Nacional de Informacion de Ciencias Medicas";Yes;Yes;0,175;Q3;17;56;112;1443;35;89;0,24;25,77;56,94;1;Cuba;Latin America;"Centro Nacional de Informacion de Ciencias Medicas";"2013-2026";"Library and Information Sciences (Q3); Health Information Management (Q4); Health Policy (Q4)";"Health Professions; Medicine; Social Sciences"
170;21100939697;"Synthesis Lectures on Information Concepts, Retrieval, and Services";book series;"1947945X, 19479468";"Springer International Publishing";No;No;0,175;Q3;7;2;9;224;6;7;0,67;112,00;0,00;0;Switzerland;Western Europe;"Springer International Publishing";"2010, 2012, 2017-2026";"Library and Information Sciences (Q3); Computer Networks and Communications (Q4); Information Systems (Q4); Information Systems and Management (Q4)";"Computer Science; Decision Sciences; Social Sciences"
171;5800207822;"Terminology";journal;"15699994, 09299971";"John Benjamins Publishing Company";No;No;0,175;Q3;31;11;33;510;29;31;0,73;46,36;83,33;0;Netherlands;Western Europe;"John Benjamins Publishing Company";"1994-1998, 2000-2026";"Linguistics and Language (Q2); Communication (Q3); Library and Information Sciences (Q3)";"Social Sciences"
172;4700152762;"Journal of Archival Organization";journal;"15332748, 15332756";"Routledge";No;No;0,173;Q3;15;13;40;31;8;36;0,11;2,38;46,15;0;United States;Northern America;"Routledge";"2002, 2004-2025";"Library and Information Sciences (Q3)";"Social Sciences"
173;13412;"Lecture Notes in Control and Information Sciences";book series;"16107411, 01708643";"Springer Science and Business Media Deutschland GmbH";No;No;0,173;Q3;60;51;223;1703;71;59;0,19;33,39;0,00;0;Germany;Western Europe;"Springer Science and Business Media Deutschland GmbH";"1982-1986, 1988, 1990-1991, 1993, 1996, 2005-2026";"Library and Information Sciences (Q3)";"Social Sciences"
174;5900152801;"Art Documentation";journal;"21619417, 07307187";"University of Chicago Press";No;No;0,169;Q3;9;20;63;109;18;62;0,13;5,45;75,86;0;United States;Northern America;"University of Chicago Press";"2015-2025";"Visual Arts and Performing Arts (Q1); Archeology (arts and humanities) (Q3); Library and Information Sciences (Q3)";"Arts and Humanities; Social Sciences"
175;19700182685;"Journal of Library Metadata";journal;"19375034, 19386389";"Taylor and Francis Ltd.";No;No;0,168;Q3;19;12;38;363;20;36;0,39;30,25;54,17;1;United Kingdom;Western Europe;"Taylor and Francis Ltd.";"2008-2026";"Library and Information Sciences (Q3); E-learning (Q4)";"Social Sciences"
176;19700182410;"African Journal of Library Archives and Information Science";journal;"07954778";"Archlib and Information Services Ltd";No;No;0,166;Q3;16;7;32;338;22;30;0,63;48,29;44,44;0;Nigeria;Africa;"Archlib and Information Services Ltd";"2008-2012, 2014-2025";"Library and Information Sciences (Q3)";"Social Sciences"
177;21100245913;"Bilgi Dunyasi";journal;"13023217, 2148354X";"University and Research Librarians Association (UNAK)";Yes;Yes;0,164;Q3;7;17;34;470;9;34;0,26;27,65;40,00;0;Turkey;Middle East;"University and Research Librarians Association (UNAK)";"2013-2025";"Library and Information Sciences (Q3)";"Social Sciences"
178;4700152746;"Music Reference Services Quarterly";journal;"10588167, 15409503";"Routledge";No;No;0,163;Q3;11;14;53;22;11;42;0,19;1,57;62,50;0;United States;Northern America;"Routledge";"1992-1998, 2001-2002, 2004-2026";"Music (Q2); Library and Information Sciences (Q3)";"Arts and Humanities; Social Sciences"
179;19900191876;"Transinformacao";journal;"01033786";"Pontificia Universidade Catolica de Campinas";Yes;Yes;0,162;Q3;15;25;86;870;36;85;0,42;34,80;46,55;0;Brazil;Latin America;"Pontificia Universidade Catolica de Campinas";"2010-2025";"Museology (Q2); Communication (Q3); Library and Information Sciences (Q3); Information Systems (Q4)";"Arts and Humanities; Computer Science; Social Sciences"
180;21100925733;"International Journal of Public Administration in the Digital Age";journal;"23344539, 23344520";"IGI Global Publishing";No;No;0,161;Q3;10;15;16;871;12;16;0,75;58,07;24,14;0;United States;Northern America;"IGI Global Publishing";"2019-2021, 2023-2025";"Library and Information Sciences (Q3); Computer Science Applications (Q4); Public Administration (Q4)";"Computer Science; Social Sciences"
181;21100943572;"Journal of the Canadian Health Libraries Association";journal;"17086892";"Canadian Health Libraries Association";Yes;Yes;0,159;Q3;8;13;23;111;0;14;0,00;8,54;92,31;1;Canada;Northern America;"Canadian Health Libraries Association";"2018-2025";"Library and Information Sciences (Q3); Medicine (miscellaneous) (Q4)";"Medicine; Social Sciences"
182;11700154713;"Perspectivas em Ciencia da Informacao";journal;"19815344, 14139936";"Escola de Ciencia da Informacao da UFMG";Yes;Yes;0,158;Q3;14;43;156;1463;37;154;0,14;34,02;54,17;3;Brazil;Latin America;"Escola de Ciencia da Informacao da UFMG";"2008-2025";"Museology (Q2); Communication (Q3); Library and Information Sciences (Q3); Information Systems (Q4)";"Arts and Humanities; Computer Science; Social Sciences"
183;21100220377;"Advances in Classification Research Online";conference and proceedings;"23249773";"";No;No;0,155;-;9;0;11;0;3;10;0,27;0,00;0,00;0;United States;Northern America;"";"";"Applied Mathematics; Computer Science Applications; Library and Information Sciences; Statistics, Probability and Uncertainty";"Computer Science; Decision Sciences; Mathematics; Social Sciences"
184;12085;"American Archivist";journal;"03609081";"Society of American Archivists";No;No;0,153;Q3;37;19;67;901;38;63;0,58;47,42;59,09;0;United States;Northern America;"Society of American Archivists";"1938-2025";"Arts and Humanities (miscellaneous) (Q3); Library and Information Sciences (Q3)";"Arts and Humanities; Social Sciences"
185;4700152770;"Cataloging and Classification Quarterly";journal;"15444554, 01639374";"Routledge";No;No;0,152;Q3;31;55;110;0;51;102;0,53;0,00;59,18;0;United States;Northern America;"Routledge";"1981-2026";"Library and Information Sciences (Q3)";"Social Sciences"
186;14115;"Canadian Journal of Information and Library Science";journal;"19207239, 1195096X";"Canadian Association for Information Science";No;No;0,151;Q3;23;5;34;305;13;32;0,20;61,00;40,00;0;Canada;Northern America;"Canadian Association for Information Science";"1993-2022";"Library and Information Sciences (Q3); Information Systems (Q4)";"Computer Science; Social Sciences"
187;21100448566;"Journal of Information Technology Teaching Cases";journal;"20438869";"Springer International Publishing AG";No;No;0,151;Q3;15;20;41;233;30;41;0,45;11,65;13,16;1;Switzerland;Western Europe;"Springer International Publishing AG";"2014-2026";"Library and Information Sciences (Q3); Education (Q4)";"Social Sciences"
188;145292;"Development and Learning in Organizations";journal;"14777282";"Emerald Group Publishing Ltd.";No;No;0,150;Q3;26;95;189;311;76;180;0,44;3,27;47,73;0;United Kingdom;Western Europe;"Emerald Group Publishing Ltd.";"2003-2026";"Library and Information Sciences (Q3); Organizational Behavior and Human Resource Management (Q4)";"Business, Management and Accounting; Social Sciences"
189;21100205109;"Scire";journal;"11353716";"Facultad de Filosofia y Letras - Universidad de Zaragoza";Yes;No;0,149;Q3;7;13;38;380;17;38;0,46;29,23;60,71;0;Spain;Western Europe;"Facultad de Filosofia y Letras - Universidad de Zaragoza";"2011-2024";"Communication (Q3); Library and Information Sciences (Q3)";"Social Sciences"
190;4700152722;"Technical Services Quarterly";journal;"07317131";"Routledge";No;No;0,149;Q3;20;66;187;546;36;170;0,20;8,27;79,71;0;United States;Northern America;"Routledge";"1984-2026";"Library and Information Sciences (Q3); Computer Science Applications (Q4)";"Computer Science; Social Sciences"
191;21100241782;"Ibersid";journal;"2174081X, 18880967";"Universidad de Zaragoza, Facultad de Filosofia y Letras";No;No;0,148;Q3;7;10;48;297;12;48;0,33;29,70;43,48;0;Spain;Western Europe;"Universidad de Zaragoza, Facultad de Filosofia y Letras";"2012-2025";"Communication (Q3); Library and Information Sciences (Q3); Computer Networks and Communications (Q4); Information Systems (Q4)";"Computer Science; Social Sciences"
192;21100879765;"Proceedings - 2018 4th International Conference on Information Retrieval and Knowledge Management: Diving into Data Sciences, CAMP 2018";conference and proceedings;"-";"";No;No;0,147;-;10;0;43;0;55;39;1,28;0,00;0,00;0;United States;Northern America;"";"";"Artificial Intelligence; Decision Sciences (miscellaneous); Information Systems; Information Systems and Management; Library and Information Sciences";"Computer Science; Decision Sciences; Social Sciences"
193;19700202714;"Journal of Information and Organizational Sciences";journal;"18463312, 18469418";"University of Zagreb, Faculty of Organization and Informatics";Yes;Yes;0,146;Q3;17;22;47;699;40;41;0,93;31,77;26,92;1;Croatia;Eastern Europe;"University of Zagreb, Faculty of Organization and Informatics";"2006-2025";"Library and Information Sciences (Q3); Computer Science Applications (Q4); Information Systems (Q4)";"Computer Science; Social Sciences"
194;21100885280;"IEEE 5th International Symposium on Emerging Trends and Technologies in Libraries and Information Services, ETTLIS 2018";conference and proceedings;"-";"";No;No;0,144;-;7;0;82;0;28;79;0,34;0,00;0,00;0;United States;Northern America;"";"";"Library and Information Sciences";"Social Sciences"
195;21100224425;"Informacion, Cultura y Sociedad";journal;"15148327, 18511740";"University of Buenos Aires";Yes;Yes;0,143;Q4;10;22;64;629;21;58;0,36;28,59;54,76;2;Argentina;Latin America;"University of Buenos Aires";"2012-2025";"Library and Information Sciences (Q4)";"Social Sciences"
196;21100801131;"Proceedings of 2016 International Symposium on Information Theory and Its Applications, ISITA 2016";conference and proceedings;"-";"";No;No;0,142;-;8;0;162;0;42;159;0,00;0,00;0,00;0;United States;Northern America;"";"";"Artificial Intelligence; Computational Mathematics; Computational Theory and Mathematics; Computer Networks and Communications; Computer Science Applications; Control and Optimization; Hardware and Architecture; Information Systems; Library and Information Sciences; Signal Processing";"Computer Science; Mathematics; Social Sciences"
197;21100897266;"Bibliothecae.it";journal;"22807934, 22839364";"Universita di Bologna, Dipartimento di Beni Culturali, Alma Mater Studiorum";Yes;Yes;0,141;Q4;4;25;58;868;10;54;0,17;34,72;43,48;0;Italy;Western Europe;"Universita di Bologna, Dipartimento di Beni Culturali, Alma Mater Studiorum";"2018-2025";"History (Q2); Information Systems (Q4); Library and Information Sciences (Q4)";"Arts and Humanities; Computer Science; Social Sciences"
198;4700152796;"Journal of Interlibrary Loan, Document Delivery and Electronic Reserve";journal;"1072303X, 15403572";"Routledge";No;No;0,141;Q4;15;3;31;46;6;31;0,17;15,33;40,00;0;United States;Northern America;"Routledge";"1994, 1996-1997, 2000, 2002-2003, 2005-2021";"Library and Information Sciences (Q4)";"Social Sciences"
199;5800208091;"Information Design Journal";journal;"01425471, 1569979X";"John Benjamins Publishing Company";No;No;0,140;Q4;24;0;86;0;32;65;0,11;0,00;0,00;0;Netherlands;Western Europe;"John Benjamins Publishing Company";"1979-1984, 1986-1987, 1989-1991, 1993-1996, 1998, 2000-2011, 2013-2014, 2016-2019, 2021-2026";"Library and Information Sciences (Q4)";"Social Sciences"
200;14760;"Zeitschrift fur Bibliothekswesen und Bibliographie";journal;"18642950, 00442380";"Vittorio Klostermann";No;No;0,139;Q4;6;37;117;935;9;112;0,12;25,27;32,35;0;Germany;Western Europe;"Vittorio Klostermann";"1969, 1988-2025";"Library and Information Sciences (Q4)";"Social Sciences"
201;21100375879;"GL-Conference Series: Conference Proceedings";conference and proceedings;"13862316";"TextRelease";No;No;0,139;-;5;34;50;501;8;45;0,15;14,74;55,22;0;Netherlands;Western Europe;"TextRelease";"2007-2009, 2011-2020, 2022-2024";"Computer Science Applications; Information Systems; Library and Information Sciences";"Computer Science; Social Sciences"
202;21100373617;"Biblios";journal;"15624730";"University Library System, University of Pittsburgh";Yes;Yes;0,134;Q4;7;13;78;321;22;78;0,19;24,69;62,96;0;United States;Northern America;"University Library System, University of Pittsburgh";"2013-2025";"Library and Information Sciences (Q4)";"Social Sciences"
203;21100226830;"BiD";journal;"15755886";"Universitat de Barcelona";Yes;Yes;0,133;Q4;9;39;103;1206;30;103;0,24;30,92;56,10;0;Spain;Western Europe;"Universitat de Barcelona";"2012-2025";"Library and Information Sciences (Q4)";"Social Sciences"
204;15416;"Computers in Libraries";trade journal;"10417915";"Information Today";No;No;0,132;Q4;20;23;196;46;17;72;0,07;2,00;71,43;0;United States;Northern America;"Information Today";"1996-2026";"Computer Science (miscellaneous) (Q4); Library and Information Sciences (Q4)";"Computer Science; Social Sciences"
205;21100854118;"Wacana";journal;"14112272, 24076899";"Faculty of Humanities, University of Indonesia";Yes;Yes;0,132;Q4;9;15;83;505;11;72;0,16;33,67;45,00;0;Indonesia;Asiatic Region;"Faculty of Humanities, University of Indonesia";"2015-2025";"Cultural Studies (Q2); Anthropology (Q3); Arts and Humanities (miscellaneous) (Q3); Library and Information Sciences (Q4)";"Arts and Humanities; Social Sciences"
206;5000154508;"Ciencia da Informacao";journal;"15188353, 01001965";"Brazilian Institute for Information in Science and Technology";Yes;Yes;0,129;Q4;18;47;156;1297;28;147;0,08;27,60;38,46;0;Brazil;Latin America;"Brazilian Institute for Information in Science and Technology";"2006-2025";"Library and Information Sciences (Q4)";"Social Sciences"
207;21100921037;"2019 5th International Conference on Web Research, ICWR 2019";conference and proceedings;"-";"";No;No;0,129;-;9;0;46;0;44;45;0,96;0,00;0,00;0;United States;Northern America;"";"";"Communication; Computer Networks and Communications; Hardware and Architecture; Information Systems and Management; Library and Information Sciences";"Computer Science; Decision Sciences; Social Sciences"
208;23776;"Archivaria";journal;"03186954";"Association of Canadian Archivists";No;No;0,128;Q4;35;13;33;0;16;30;0,48;0,00;50,00;0;Canada;Northern America;"Association of Canadian Archivists";"1980, 1989-1990, 1996-2025";"Library and Information Sciences (Q4)";"Social Sciences"
209;21100888590;"Revista Interamericana de Bibliotecologia";journal;"25389866, 01200976";"Escuela Interamericana de Bibliotecologia";Yes;Yes;0,126;Q4;12;9;96;358;28;89;0,21;39,78;42,86;0;Colombia;Latin America;"Escuela Interamericana de Bibliotecologia";"2000-2026";"Library and Information Sciences (Q4)";"Social Sciences"
210;21100944123;"Comma";journal;"20493355, 16801865";"Liverpool University Press";No;No;0,125;Q4;3;30;13;494;2;13;0,15;16,47;65,00;3;United Kingdom;Western Europe;"Liverpool University Press";"2019-2023";"Conservation (Q3); Library and Information Sciences (Q4)";"Arts and Humanities; Social Sciences"
211;21100222537;"Intelligent Systems Reference Library";book series;"18684394, 18684408";"Springer Science + Business Media";No;No;0,125;Q4;49;354;569;10990;386;33;0,78;31,05;25,00;1;United States;Northern America;"Springer Science + Business Media";"2009-2026";"Computer Science (miscellaneous) (Q4); Information Systems and Management (Q4); Library and Information Sciences (Q4)";"Computer Science; Decision Sciences; Social Sciences"
212;21100942388;"Proceedings of the 2019 Pacific Neighborhood Consortium Annual Conference and Joint Meetings: Regionality and Digital Humanities: South-South Connections, PNC 2019";conference and proceedings;"-";"";No;No;0,125;-;0;0;2;0;0;1;0,00;0,00;0,00;0;United States;Northern America;"";"";"Arts and Humanities (miscellaneous); Computer Vision and Pattern Recognition; Cultural Studies; Development; Information Systems and Management; Library and Information Sciences; Sociology and Political Science";"Arts and Humanities; Computer Science; Decision Sciences; Social Sciences"
213;12100156499;"Notes";journal;"1534150X, 00274380";"Music Library Association";Yes;No;0,124;Q4;14;12;41;455;8;40;0,08;37,92;60,00;1;United States;Northern America;"Music Library Association";"1978, 2002-2026";"Music (Q2); Library and Information Sciences (Q4)";"Arts and Humanities; Social Sciences"
214;6500153237;"Fontes Artis Musicae";journal;"00156191";"Music Library Association";No;No;0,123;Q4;7;14;51;588;6;48;0,19;42,00;76,47;0;United States;Northern America;"Music Library Association";"2002-2025";"Music (Q3); Library and Information Sciences (Q4)";"Arts and Humanities; Social Sciences"
215;17800156797;"VOEB-Mitteilungen";journal;"10222588, 27914011";"Vereinigung Osterreichischer Bibliothekarinnen und Bibliothekare";Yes;Yes;0,123;Q4;6;56;134;546;22;113;0,18;9,75;45,83;0;Austria;Western Europe;"Vereinigung Osterreichischer Bibliothekarinnen und Bibliothekare";"2009-2025";"Library and Information Sciences (Q4)";"Social Sciences"
216;14773;"Information-Wissenschaft und Praxis";journal;"14344653, 16194292";"De Gruyter Saur";No;No;0,122;Q4;10;50;131;408;11;128;0,07;8,16;46,67;0;Germany;Western Europe;"De Gruyter Saur";"1997-2026";"Information Systems (Q4); Library and Information Sciences (Q4)";"Computer Science; Social Sciences"
217;12810;"Journal of Information Ethics";journal;"10619321";"McFarland and Company, Inc";No;No;0,122;Q4;13;0;30;0;8;25;0,15;0,00;0,00;0;United States;Northern America;"McFarland and Company, Inc";"1992, 1994, 1996-2019, 2021-2025";"Philosophy (Q3); Library and Information Sciences (Q4)";"Arts and Humanities; Social Sciences"
218;13970;"Library and Information Science";journal;"03734447";"Mita Society for Library and Information Science";No;No;0,122;Q4;6;1;23;15;2;23;0,00;15,00;0,00;0;Japan;Asiatic Region;"Mita Society for Library and Information Science";"1980-2025";"Library and Information Sciences (Q4)";"Social Sciences"
219;13413;"Legal Reference Services Quarterly";journal;"0270319X, 1540949X";"Taylor and Francis Ltd.";No;No;0,121;Q4;10;10;31;0;4;31;0,14;0,00;58,33;0;United States;Northern America;"Taylor and Francis Ltd.";"1981-2026";"Law (Q4); Library and Information Sciences (Q4)";"Social Sciences"
220;4700152748;"Journal of Electronic Resources in Medical Libraries";journal;"15424065, 15424073";"Routledge";No;No;0,118;Q4;17;11;55;111;15;55;0,22;10,09;60,00;0;United States;Northern America;"Routledge";"2003-2026";"Health (social science) (Q4); Library and Information Sciences (Q4)";"Social Sciences"
221;21100890663;"Proceedings - 3rd International Workshop on Dynamic Software Documentation, DySDoc3 2018";conference and proceedings;"-";"";No;No;0,118;-;2;0;10;0;5;8;0,50;0,00;0,00;0;United States;Northern America;"";"";"Library and Information Sciences; Software";"Computer Science; Social Sciences"
222;23018;"Logos (The Netherlands)";journal;"18784712, 09579656";"Brill Academic Publishers";No;No;0,117;Q4;9;33;48;467;16;38;0,43;14,15;69,23;0;Netherlands;Western Europe;"Brill Academic Publishers";"1994, 1996-2025";"Literature and Literary Theory (Q2); Media Technology (Q3); Communication (Q4); Computer Science Applications (Q4); Education (Q4); Library and Information Sciences (Q4)";"Arts and Humanities; Computer Science; Engineering; Social Sciences"
223;21100936713;"Manuscript Studies";journal;"23801190, 23815329";"University of Pennsylvania Press";Yes;No;0,117;Q4;7;12;56;523;15;56;0,33;43,58;66,67;0;United States;Northern America;"University of Pennsylvania Press";"2016-2025";"Literature and Literary Theory (Q2); Conservation (Q3); Library and Information Sciences (Q4)";"Arts and Humanities; Social Sciences"
224;14096;"Transactions of the Cambridge Bibliographical Society";journal;"00686611";"Cambridge Bibliographical Society";No;No;0,115;Q4;6;8;13;407;2;12;0,00;50,88;14,29;0;United Kingdom;Western Europe;"Cambridge Bibliographical Society";"1971, 1979-1980, 1982, 1988, 2002-2011, 2013-2017, 2019-2021";"Literature and Literary Theory (Q2); Library and Information Sciences (Q4)";"Arts and Humanities; Social Sciences"
225;21100942831;"Bibliotecas, Anales de Investigacion";journal;"16838947, 0006176X";"Biblioteca Nacional de Cuba Jose Marti";Yes;Yes;0,114;Q4;9;25;28;519;8;26;0,29;20,76;48,94;0;Cuba;Latin America;"Biblioteca Nacional de Cuba Jose Marti";"2019-2025";"Library and Information Sciences (Q4)";"Social Sciences"
226;16096;"Notes and Queries";journal;"00293970, 14716941";"Oxford University Press";No;No;0,112;Q4;11;153;501;2189;32;312;0,08;14,31;23,33;0;United Kingdom;Western Europe;"Oxford University Press";"1849-2025";"Literature and Literary Theory (Q2); Linguistics and Language (Q3); Library and Information Sciences (Q4)";"Arts and Humanities; Social Sciences"
227;21100934618;"2019 1st International Conference on Cybernetics and Intelligent System, ICORIS 2019";conference and proceedings;"-";"";No;No;0,112;-;9;0;54;0;35;52;0,65;0,00;0,00;0;United States;Northern America;"";"";"Artificial Intelligence; Computer Science Applications; Library and Information Sciences; Modeling and Simulation";"Computer Science; Mathematics; Social Sciences"
228;6000167588;"Archives";journal;"00039535";"British Records Association";No;No;0,111;Q4;4;8;29;264;2;27;0,11;33,00;60,00;0;United Kingdom;Western Europe;"British Records Association";"2011-2025";"History (Q3); Library and Information Sciences (Q4)";"Arts and Humanities; Social Sciences"
229;21100805799;"Boletim do Arquivo da Universidade de Coimbra";journal;"21827974, 08725632";"Imprensa da Universidade de Coimbra";Yes;Yes;0,111;Q4;4;9;25;286;11;24;0,20;31,78;12,50;0;Portugal;Western Europe;"Imprensa da Universidade de Coimbra";"2016-2025";"Conservation (Q3); Library and Information Sciences (Q4)";"Arts and Humanities; Social Sciences"
230;13399;"Law Library Journal";journal;"00239283";"American Association of Law Libraries";No;No;0,111;Q4;20;11;59;1517;17;57;0,23;137,91;52,94;0;United States;Northern America;"American Association of Law Libraries";"1978, 1987-2025";"Law (Q4); Library and Information Sciences (Q4)";"Social Sciences"
231;13964;"Library";journal;"17448581, 00242160";"Oxford University Press";No;No;0,111;Q4;19;17;47;716;4;43;0,11;42,12;25,00;0;United Kingdom;Western Europe;"Oxford University Press";"1889-1899, 1901-2025";"Arts and Humanities (miscellaneous) (Q4); Library and Information Sciences (Q4)";"Arts and Humanities; Social Sciences"
232;21100945165;"Acta Informatica Pragensia";journal;"18054951";"";Yes;Yes;0,109;Q4;12;14;6;500;4;6;0,67;35,71;36,67;0;Czech Republic;Eastern Europe;"";"2019-2025";"Computer Science Applications (Q4); Information Systems (Q4); Library and Information Sciences (Q4); Management Information Systems (Q4)";"Business, Management and Accounting; Computer Science; Social Sciences"
233;4700152752;"Slavic and East European Information Resources";journal;"15229041, 15228886";"Routledge";No;No;0,108;Q4;6;20;53;0;4;44;0,11;0,00;46,67;0;United States;Northern America;"Routledge";"2001-2026";"Library and Information Sciences (Q4); Linguistics and Language (Q4)";"Social Sciences"
234;19900195027;"International Journal of the Book";journal;"14479567, 14479516";"Common Ground Research Networks";No;No;0,107;Q4;0;0;0;0;0;0;0,00;0,00;0,00;0;United States;Northern America;"Common Ground Research Networks";"2011-2019";"History (Q3); Literature and Literary Theory (Q3); Communication (Q4); Library and Information Sciences (Q4)";"Arts and Humanities; Social Sciences"
235;21100834359;"Methis";journal;"17366852, 22284745";"University of Tartu Press";Yes;Yes;0,107;Q4;5;24;52;812;11;39;0,21;33,83;65,52;0;Estonia;Eastern Europe;"University of Tartu Press";"2017-2025";"Cultural Studies (Q3); Literature and Literary Theory (Q3); Visual Arts and Performing Arts (Q3); Library and Information Sciences (Q4)";"Arts and Humanities; Social Sciences"
236;21100426626;"Islamic Manuscripts and Books";book series;"18779964";"Brill Academic Publishers";No;No;0,106;Q4;6;0;60;0;6;8;0,12;0,00;0,00;0;Netherlands;Western Europe;"Brill Academic Publishers";"2010-2012, 2014-2019, 2022, 2025";"Cultural Studies (Q3); Visual Arts and Performing Arts (Q3); Library and Information Sciences (Q4)";"Arts and Humanities; Social Sciences"
237;5800224021;"Bulletin des Bibliotheques de France";journal;"00062006, 12928399";"Ecole Nationale Superieure des Sciences de l'Information et des Bibliotheques";Yes;No;0,105;Q4;3;41;80;195;4;39;0,00;4,76;54,29;0;France;Western Europe;"Ecole Nationale Superieure des Sciences de l'Information et des Bibliotheques";"2012-2025";"Library and Information Sciences (Q4)";"Social Sciences"
238;21100945772;"In Monte Artium";journal;"20313098, 25070312";"OpenEditions Journals";No;No;0,105;Q4;2;5;5;85;1;5;0,20;17,00;54,55;0;France;Western Europe;"OpenEditions Journals";"2019-2021, 2023, 2025";"History (Q3); Literature and Literary Theory (Q3); Music (Q3); Arts and Humanities (miscellaneous) (Q4); Library and Information Sciences (Q4)";"Arts and Humanities; Social Sciences"
239;21100942399;"IAFOR Journal of Literature and Librarianship";journal;"21870608";"The International Academic Forum (IAFOR)";Yes;Yes;0,103;Q4;4;15;8;469;0;8;0,00;31,27;47,62;0;Japan;Asiatic Region;"The International Academic Forum (IAFOR)";"2019-2025";"Literature and Literary Theory (Q3); Library and Information Sciences (Q4)";"Arts and Humanities; Social Sciences"
240;23739;"Quaerendo";journal;"00149527, 15700690";"Brill Academic Publishers";No;No;0,103;Q4;10;16;40;588;8;38;0,07;36,75;52,63;0;Netherlands;Western Europe;"Brill Academic Publishers";"1971-1979, 1981-1985, 1987-2025";"History (Q3); Library and Information Sciences (Q4)";"Arts and Humanities; Social Sciences"
241;21100268077;"Analecta Hibernica";book series;"07916167";"The Irish Manuscripts Commission Ltd.";No;No;0,102;Q4;3;6;14;300;0;13;0,00;50,00;0,00;0;Ireland;Western Europe;"The Irish Manuscripts Commission Ltd.";"2011-2013, 2015, 2017-2020, 2022";"History (Q4); Library and Information Sciences (Q4)";"Arts and Humanities; Social Sciences"
242;21100936586;"Book History";journal;"10987371, 15291499";"Johns Hopkins University Press";No;No;0,102;Q4;6;12;12;844;2;10;0,17;70,33;46,15;0;United States;Northern America;"Johns Hopkins University Press";"2019-2025";"History (Q3); Conservation (Q4); Library and Information Sciences (Q4)";"Arts and Humanities; Social Sciences"
243;4700152768;"EContent";trade journal;"15252531";"Online Inc.";No;No;0,102;Q4;10;0;150;0;5;36;0,03;0,00;0,00;0;United States;Northern America;"Online Inc.";"1999-2019";"Information Systems (Q4); Library and Information Sciences (Q4)";"Computer Science; Social Sciences"
244;4000152101;"Advances in Library Administration and Organization";book series;"07320671";"Emerald Group Publishing Ltd.";No;No;0,101;Q4;10;8;53;449;23;23;0,48;56,13;70,00;0;United Kingdom;Western Europe;"Emerald Group Publishing Ltd.";"2000-2002, 2004-2012, 2014-2022, 2025-2026";"Library and Information Sciences (Q4); Public Administration (Q4)";"Social Sciences"
245;15689;"Bulletin of the John Rylands Library";journal;"20549326, 20549318";"Manchester University Press";No;No;0,101;Q4;8;12;35;946;1;32;0,05;78,83;41,67;0;United Kingdom;Western Europe;"Manchester University Press";"1946-1948, 1971-1972, 1990, 1999, 2002-2006, 2012, 2014-2025";"Arts and Humanities (miscellaneous) (Q4); Library and Information Sciences (Q4)";"Arts and Humanities; Social Sciences"
246;21100898016;"Digital Humanities Quarterly";journal;"19384122";"Alliance of Digital Humanities Organisations";Yes;Yes;0,101;Q4;15;63;87;3258;50;85;0,57;51,71;53,19;0;United States;Northern America;"Alliance of Digital Humanities Organisations";"2018-2025";"Arts and Humanities (miscellaneous) (Q4); Communication (Q4); Computer Networks and Communications (Q4); Library and Information Sciences (Q4)";"Arts and Humanities; Computer Science; Social Sciences"
247;17600155217;"Document Numerique";journal;"19631014, 12795127";"Lavoisier";No;No;0,101;Q4;8;0;24;0;0;22;0,00;0,00;0,00;0;France;Western Europe;"Lavoisier";"2001-2004, 2006-2016, 2018-2019";"Library and Information Sciences (Q4)";"Social Sciences"
248;21100427626;"East Asian Publishing and Society";journal;"22106278, 22106286";"Brill Academic Publishers";No;No;0,101;Q4;5;4;16;268;2;16;0,09;67,00;60,00;0;Netherlands;Western Europe;"Brill Academic Publishers";"2011-2025";"Communication (Q4); Library and Information Sciences (Q4); Media Technology (Q4)";"Engineering; Social Sciences"
249;21100914959;"Indexer";journal;"17560632, 00194131";"Liverpool University Press";No;No;0,101;Q4;6;35;39;283;7;34;0,18;8,09;62,96;0;United Kingdom;Western Europe;"Liverpool University Press";"2019-2025";"Arts and Humanities (miscellaneous) (Q4); Library and Information Sciences (Q4)";"Arts and Humanities; Social Sciences"
250;21100820204;"Manuscripta Orientalia";journal;"24153613, 12385018";"Thesa Publishers";No;No;0,101;Q4;4;22;45;404;9;45;0,28;18,36;55,56;0;Russian Federation;Eastern Europe;"Thesa Publishers";"2016-2025";"Cultural Studies (Q4); Library and Information Sciences (Q4); Linguistics and Language (Q4); Literature and Literary Theory (Q4)";"Arts and Humanities; Social Sciences"
251;19400156821;"Papers of the Bibliographical Society of America";journal;"23776528, 0006128X";"Bibliographical Society of America";No;No;0,101;Q4;9;12;42;50;2;37;0,04;4,17;50,00;0;United States;Northern America;"Bibliographical Society of America";"1941, 1947, 1969-1972, 1975, 1979, 1989, 1993, 1995-1996, 2004-2005, 2008-2025";"Library and Information Sciences (Q4); Literature and Literary Theory (Q4)";"Arts and Humanities; Social Sciences"
252;5100155102;"Prologue";journal;"00331031";"National Archives and Records Administration";No;No;0,101;Q4;4;0;34;0;0;26;0,00;0,00;0,00;0;United States;Northern America;"National Archives and Records Administration";"1977, 1980, 1982, 1987, 2000, 2006-2017";"History (Q4); Library and Information Sciences (Q4)";"Arts and Humanities; Social Sciences"
253;21100867474;"Przeglad Archiwalny Instytutu Pamieci Narodowej";journal;"18991254";"Instytut Pamieci Narodowej w Polsce";No;No;0,101;Q4;2;21;41;621;1;41;0,03;29,57;33,33;0;Poland;Eastern Europe;"Instytut Pamieci Narodowej w Polsce";"2016-2024";"Conservation (Q4); History (Q4); Library and Information Sciences (Q4)";"Arts and Humanities; Social Sciences"
254;19600166417;"Script and Print";journal;"18349013";"Australian and New Zealand Student Services Association";No;No;0,101;Q4;5;9;37;30;0;21;0,00;3,33;33,33;0;Australia;Pacific Region;"Australian and New Zealand Student Services Association";"2008-2022";"Literature and Literary Theory (Q3); Visual Arts and Performing Arts (Q3); Library and Information Sciences (Q4)";"Arts and Humanities; Social Sciences"
255;23808;"Scriptorium";journal;"00369772";"Centre d'Etude des Manuscrits";No;No;0,101;Q4;11;15;40;391;7;39;0,13;26,07;37,50;0;Belgium;Western Europe;"Centre d'Etude des Manuscrits";"1972, 1975, 1977-1979, 1982, 1984-1985, 1987, 1997, 2002-2023";"Library and Information Sciences (Q4); Visual Arts and Performing Arts (Q4)";"Arts and Humanities; Social Sciences"
256;21100808441;"Teorie Vedy / Theory of Science";journal;"12100250, 18046347";"Czech Academy of Sciences";Yes;Yes;0,101;-;7;17;31;578;2;27;0,09;34,00;33,33;0;Czech Republic;Eastern Europe;"Czech Academy of Sciences";"2010-2025";"History and Philosophy of Science (Q4)";"Arts and Humanities"
257;21100237620;"Gazette des Archives";journal;"00165522";"Association des archivistes francais (AAF)";No;No;0,100;Q4;4;72;200;874;6;187;0,04;12,14;53,01;0;France;Western Europe;"Association des archivistes francais (AAF)";"1976, 2012-2025";"History (Q4); Library and Information Sciences (Q4)";"Arts and Humanities; Social Sciences"
258;21100901898;"Revista Digital de Biblioteconomia e Ciencia da Informacao";journal;"1678765X";"Universidade Estadual de Campinas UNICAMP";Yes;Yes;0,100;Q4;7;33;88;1130;5;87;0,06;34,24;59,09;0;Brazil;Latin America;"Universidade Estadual de Campinas UNICAMP";"2018-2026";"Education (Q4); Information Systems (Q4); Library and Information Sciences (Q4); Public Administration (Q4)";"Computer Science; Social Sciences"
259;21100900060;"Tekst, Kniga, Knigoizdaniye";journal;"23062061, 23113774";"Tomsk State University - Faculty of Philology";Yes;No;0,100;Q4;3;29;51;571;3;51;0,06;19,69;73,53;0;Russian Federation;Eastern Europe;"Tomsk State University - Faculty of Philology";"2018-2025";"Communication (Q4); Information Systems (Q4); Library and Information Sciences (Q4); Media Technology (Q4); Visual Arts and Performing Arts (Q4)";"Arts and Humanities; Computer Science; Engineering; Social Sciences"
260;20500195100;"Tuna";journal;"14064030";"National Archives of Estonia";No;No;0,100;Q4;5;46;157;1676;11;78;0,08;36,43;25,00;0;Estonia;Eastern Europe;"National Archives of Estonia";"2011-2014, 2017-2025";"History (Q4); Library and Information Sciences (Q4)";"Arts and Humanities; Social Sciences"
261;21101196739;"Acervo";journal;"22378723, 0102700X";"Arquivo Nacional";Yes;Yes;;-;2;40;32;945;1;25;0,03;23,63;60,47;0;Brazil;Latin America;"Arquivo Nacional";"2019-2025";"History; Library and Information Sciences";"Arts and Humanities; Social Sciences"
262;21100255395;"Anales de Documentacion (discontinued)";journal;"15752437, 16977904";"";Yes;Yes;;-;9;6;31;167;14;31;0,48;27,83;45,00;2;Spain;Western Europe;"";"2013-2020";"Library and Information Sciences";"Social Sciences"
263;21101114008;"Anuario Electronico de Estudios en Comunicacion Social Disertaciones";journal;"18569536";"Universidad del Rosario";Yes;Yes;;-;5;21;23;657;4;20;0,17;31,29;38,46;1;Colombia;Latin America;"Universidad del Rosario";"2019-2026";"Communication; Library and Information Sciences";"Social Sciences"
264;21101250406;"Arhivski Vjesnik";journal;"05709008, 18483143";"";No;No;;-;3;9;0;278;0;0;0,00;30,89;40,00;0;Croatia;Eastern Europe;"";"2020-2025";"History; Library and Information Sciences";"Arts and Humanities; Social Sciences"
265;21101133572;"Atlanti+";journal;"26704560, 26704579";"International Institute for Archival Science Trieste - Maribor";No;No;;-;3;12;13;231;0;12;0,00;19,25;28,57;0;Italy;Western Europe;"International Institute for Archival Science Trieste - Maribor";"2019-2025";"History; Library and Information Sciences";"Arts and Humanities; Social Sciences"
266;21101120357;"AtoZ";journal;"2237826X";"Programa de Pos-Graduacao em Gestao da Informacao, Universidade Federal do Parana";Yes;Yes;;-;5;39;22;945;1;20;0,05;24,23;62,64;1;Brazil;Latin America;"Programa de Pos-Graduacao em Gestao da Informacao, Universidade Federal do Parana";"2019-2025";"Information Systems; Library and Information Sciences; Strategy and Management";"Business, Management and Accounting; Computer Science; Social Sciences"
267;21101158608;"Bibliotecas";journal;"14093049, 16593286";"Universidad Nacional";Yes;Yes;;-;3;4;5;85;0;5;0,00;21,25;33,33;0;Costa Rica;Latin America;"Universidad Nacional";"2019-2025";"Library and Information Sciences";"Social Sciences"
268;21101120354;"Bibliotekarz Podlaski";journal;"25448900, 16407806";"Ksiaznica Podlaska";No;No;;-;2;68;91;1230;1;85;0,01;18,09;65,15;0;Poland;Eastern Europe;"Ksiaznica Podlaska";"2019-2025";"Cultural Studies; History; Library and Information Sciences; Literature and Literary Theory";"Arts and Humanities; Social Sciences"
269;21101040634;"Comparative Oriental Manuscript Studies Bulletin";journal;"24100951";"Universitat Hamburg";Yes;Yes;;-;5;8;8;360;2;8;0,25;45,00;47,06;0;Germany;Western Europe;"Universitat Hamburg";"2019-2024";"Conservation; Library and Information Sciences; Linguistics and Language; Literature and Literary Theory";"Arts and Humanities; Social Sciences"
270;21101038721;"Data Analysis and Knowledge Discovery";journal;"20963467";"Chinese Academy of Sciences";No;No;;-;17;137;156;4543;76;156;0,49;33,16;32,20;0;China;Asiatic Region;"Chinese Academy of Sciences";"2019-2025";"Artificial Intelligence; Computer Science Applications; Information Systems; Library and Information Sciences";"Computer Science; Social Sciences"
271;21101086775;"Data and Information Management";journal;"25439251";"Elsevier Ltd";Yes;No;;-;20;22;40;844;46;40;1,14;38,36;38,46;1;United Kingdom;Western Europe;"Elsevier Ltd";"2017-2026";"Computer Science (miscellaneous); Library and Information Sciences";"Computer Science; Social Sciences"
272;21101061989;"Data Intelligence";journal;"2641435X, 20967004";"Science Press";Yes;Yes;;-;31;39;22;1076;78;21;3,55;27,59;31,76;18;China;Asiatic Region;"Science Press";"2019-2025";"Artificial Intelligence; Computer Science Applications; Information Systems; Library and Information Sciences";"Computer Science; Social Sciences"
273;21100901947;"Digital Presentation and Preservation of Cultural and Scientific Heritage";conference and proceedings;"25350366, 13144006";"Bulgarian Academy of Sciences, Institute of Mathematics and Informatics";Yes;No;;-;9;27;338;343;40;324;0,30;12,70;34,78;0;Bulgaria;Eastern Europe;"Bulgarian Academy of Sciences, Institute of Mathematics and Informatics";"2014, 2017-2025";"Computer Science Applications; Information Systems; Library and Information Sciences; Museology";"Arts and Humanities; Computer Science; Social Sciences"
274;21101228213;"Discover Computing";journal;"29482992";"Springer Science and Business Media B.V.";Yes;No;;-;67;23;70;1043;202;65;2,86;45,35;27,42;1;Netherlands;Western Europe;"Springer Science and Business Media B.V.";"2024-2026";"Information Systems; Library and Information Sciences";"Computer Science; Social Sciences"
275;21101185486;"Documentation, Information and Knowledge";journal;"10032797";"";No;No;;-;11;78;75;1767;9;74;0,12;22,65;0,00;0;China;Asiatic Region;"";"2019-2025";"Communication; Library and Information Sciences; Social Sciences (miscellaneous)";"Social Sciences"
276;21101039156;"Encontros Bibli";journal;"15182924";"Universidade Federal de Santa Catarina";Yes;Yes;;-;10;64;36;1728;7;33;0,19;27,00;52,63;1;Brazil;Latin America;"Universidade Federal de Santa Catarina";"2019-2025";"Information Systems; Library and Information Sciences; Management Information Systems";"Business, Management and Accounting; Computer Science; Social Sciences"
277;21101184587;"Folia Toruniensia";journal;"16413792, 26574837";"Provincial Public Library - The Copernicus Library in Torun";Yes;Yes;;-;3;10;13;364;0;13;0,00;36,40;81,82;0;Poland;Eastern Europe;"Provincial Public Library - The Copernicus Library in Torun";"2019-2025";"Library and Information Sciences; Linguistics and Language";"Social Sciences"
278;21101188408;"Frontiers in Research Metrics and Analytics";journal;"25040537";"Frontiers Media SA";Yes;No;;-;29;31;40;1417;92;38;2,42;45,71;34,62;5;Switzerland;Western Europe;"Frontiers Media SA";"2016-2026";"Library and Information Sciences; Social Sciences (miscellaneous)";"Social Sciences"
279;21101180700;"Indian Journal of Information Sources and Services";journal;"22316094";"The Research Publication";No;No;;-;21;17;85;292;7;85;0,08;17,18;24,00;0;India;Asiatic Region;"The Research Publication";"2019-2026";"Library and Information Sciences";"Social Sciences"
280;21101048046;"Information and Culture";journal;"21663033, 21648034";"University of Texas Press";No;No;;-;17;15;50;1025;13;49;0,19;68,33;78,57;0;United States;Northern America;"University of Texas Press";"2012-2025";"Conservation; History; Library and Information Sciences";"Arts and Humanities; Social Sciences"
281;21101076095;"Information and Media";journal;"27836207";"Vilnius University Press";Yes;Yes;;-;6;29;61;1021;6;59;0,10;35,21;57,14;0;Lithuania;Eastern Europe;"Vilnius University Press";"2021-2025";"Information Systems and Management; Management of Technology and Innovation; Media Technology; Physics and Astronomy (miscellaneous); Political Science and International Relations; Sociology and Political Science";"Business, Management and Accounting; Decision Sciences; Engineering; Physics and Astronomy; Social Sciences"
282;21101101868;"Information, Medium, and Society";journal;"26911507, 26911515";"Common Ground Research Networks";No;No;;-;5;8;18;372;3;18;0,30;46,50;42,86;0;United States;Northern America;"Common Ground Research Networks";"2020, 2022-2025";"Communication; History; Library and Information Sciences; Literature and Literary Theory";"Arts and Humanities; Social Sciences"
283;21101248979;"Information studies: Theory and Application";journal;"10007490";"";No;No;;-;12;275;0;4051;0;0;0,00;14,73;0,00;0;China;Asiatic Region;"";"2020-2025";"Library and Information Sciences";"Social Sciences"
284;21101039230;"International Journal of Information, Diversity and Inclusion";journal;"25743430";"University of Hawaii at Manoa";Yes;Yes;;-;11;19;27;731;29;24;1,07;38,47;67,50;2;United States;Northern America;"University of Hawaii at Manoa";"2019-2025";"Library and Information Sciences; Social Sciences (miscellaneous)";"Social Sciences"
285;21101112619;"International Journal of Legal Information";journal;"07311265, 23314117";"Cambridge University Press";No;No;;-;4;12;13;517;6;9;0,46;43,08;60,00;0;United Kingdom;Western Europe;"Cambridge University Press";"1995, 1999, 2008, 2010-2012, 2014-2025";"Law; Library and Information Sciences";"Social Sciences"
286;19900189254;"International Journal of Technology, Knowledge and Society";journal;"28350391, 18323669";"Common Ground Research Networks";No;No;;-;11;26;27;1373;6;27;0,32;52,81;62,00;0;United States;Northern America;"Common Ground Research Networks";"2008-2014, 2016-2025";"Computer Science Applications; Education; Engineering (miscellaneous); Library and Information Sciences; Social Sciences (miscellaneous)";"Computer Science; Engineering; Social Sciences"
287;21101186199;"Journal of Learning Spaces";journal;"21586195";"University of North Carolina at Greensboro";No;No;;-;10;13;12;430;7;12;0,58;33,08;66,67;0;United States;Northern America;"University of North Carolina at Greensboro";"2019-2023";"Education; Library and Information Sciences; Public Administration";"Social Sciences"
288;21101133331;"Journal of Librarianship and Scholarly Communication";journal;"21623309";"Iowa State University Digital Press";Yes;Yes;;-;10;24;17;835;10;16;0,59;34,79;76,60;2;United States;Northern America;"Iowa State University Digital Press";"2015, 2018-2025";"Communication; Library and Information Sciences";"Social Sciences"
289;21101061455;"Journal of Library and Information Science in Agriculture";journal;"10021248";"Agricultural Information Institute, Chinese Academy of Agricultural Sciences";Yes;No;;-;9;100;104;2064;9;104;0,09;20,64;44,90;0;China;Asiatic Region;"Agricultural Information Institute, Chinese Academy of Agricultural Sciences";"2019-2025";"Agricultural and Biological Sciences (miscellaneous); Library and Information Sciences";"Agricultural and Biological Sciences; Social Sciences"
290;21101081523;"Journal of Library Science in China";journal;"10018867";"Editorial Office of Journal of Library Science in China";No;No;;-;13;51;54;1970;31;54;0,57;38,63;47,00;0;China;Asiatic Region;"Editorial Office of Journal of Library Science in China";"2019-2025";"Library and Information Sciences";"Social Sciences"
291;21101197263;"Journal of Modern Information";journal;"10080821";"";No;No;;-;10;218;237;6396;41;237;0,17;29,34;49,89;0;China;Asiatic Region;"";"2019-2026";"Library and Information Sciences";"Social Sciences"
292;21101087367;"Journal of Payavard Salamat";journal;"17358132, 20082665";"Tehran University of Medical Sciences";Yes;Yes;;-;7;48;48;1506;7;48;0,15;31,38;37,93;0;Iran;Middle East;"Tehran University of Medical Sciences";"2019-2025";"Health Informatics; Health Professions (miscellaneous); Library and Information Sciences; Medicine (miscellaneous); Public Health, Environmental and Occupational Health";"Health Professions; Medicine; Social Sciences"
293;21101070239;"Knihy a Dejiny";journal;"12108510, 25712322";"Library of the Czech Academy of Sciences (LCAS)";No;No;;-;2;7;10;314;1;5;0,10;44,86;80,00;0;Czech Republic;Eastern Europe;"Library of the Czech Academy of Sciences (LCAS)";"2019-2025";"Arts and Humanities (miscellaneous); History; Library and Information Sciences";"Arts and Humanities; Social Sciences"
294;21101115666;"Latvijas Nacionalas Bibliotekas Zinatniskie Raksti";journal;"26615134, 16915941";"National Library of Latvia";No;No;;-;1;29;0;1282;0;0;0,00;44,21;58,33;0;Latvia;Eastern Europe;"National Library of Latvia";"2020-2024";"History; Library and Information Sciences; Literature and Literary Theory";"Arts and Humanities; Social Sciences"
295;21101048513;"Manuscript and Book Heritage of Ukraine";journal;"22224203";"Vernadsky National Library of Ukraine";Yes;Yes;;-;5;41;0;191;0;0;0,00;4,66;70,21;0;Ukraine;Eastern Europe;"Vernadsky National Library of Ukraine";"2020-2026";"History; Library and Information Sciences";"Arts and Humanities; Social Sciences"
296;21101047909;"Moderna Arhivistika";journal;"25910884";"Maribor Provincial Archives";No;No;;-;3;22;58;283;3;58;0,05;12,86;53,85;0;Slovenia;Eastern Europe;"Maribor Provincial Archives";"2018-2025";"Library and Information Sciences; Public Administration";"Social Sciences"
297;21101049621;"Open Information Science";journal;"24511781";"Walter de Gruyter GmbH";Yes;Yes;;-;16;16;40;853;32;40;0,71;53,31;82,76;1;Germany;Western Europe;"Walter de Gruyter GmbH";"2017-2026";"Library and Information Sciences";"Social Sciences"
298;21101208908;"Open Praxis";journal;"2304070X, 13699997";"International Council for Open and Distance Education";Yes;Yes;;-;21;40;0;1389;0;0;0,00;34,73;51,69;3;Norway;Western Europe;"International Council for Open and Distance Education";"2020-2025";"Education; Library and Information Sciences";"Social Sciences"
299;21101079120;"Polish Libraries";journal;"23531835, 23009217";"National Library of Poland";No;No;;-;2;6;5;561;0;5;0,00;93,50;33,33;0;Poland;Eastern Europe;"National Library of Poland";"2019-2021, 2023-2025";"Arts and Humanities (miscellaneous); History; Library and Information Sciences; Museology";"Arts and Humanities; Social Sciences"
300;21101030341;"Proceedings from the Document Academy";journal;"2473215X";"University of Akron";Yes;Yes;;-;5;16;13;350;3;13;0,23;21,88;38,10;0;United States;Northern America;"University of Akron";"2019-2025";"Conservation; Library and Information Sciences";"Arts and Humanities; Social Sciences"
301;21101256260;"Publishing and Printing";journal;"10071938";"";No;No;;-;2;4;0;41;0;0;0,00;10,25;0,00;0;China;Asiatic Region;"";"2020-2025";"Communication; Library and Information Sciences; Linguistics and Language";"Social Sciences"
302;21101062805;"Quantitative Science Studies";journal;"26413337";"MIT Press";Yes;No;;-;38;91;0;4256;0;0;0,00;46,77;25,65;30;United States;Northern America;"MIT Press";"2020-2025";"Analysis; Cultural Studies; Library and Information Sciences; Numerical Analysis";"Mathematics; Social Sciences"
303;21101192303;"Record and Library Journal";journal;"24425168";"Airlangga University Faculty of Vocational Studies";Yes;Yes;;-;4;21;20;448;1;20;0,05;21,33;41,67;0;Indonesia;Asiatic Region;"Airlangga University Faculty of Vocational Studies";"2019-2025";"Human Factors and Ergonomics; Library and Information Sciences; Management Information Systems; Management of Technology and Innovation";"Business, Management and Accounting; Social Sciences"
304;21101030206;"Revista de Cancioneros Impresos y Manuscritos";journal;"22547444";"Universidad de Alicante";Yes;Yes;;-;3;7;12;273;5;11;0,60;39,00;42,86;0;Spain;Western Europe;"Universidad de Alicante";"2017, 2019-2026";"Library and Information Sciences; Linguistics and Language; Literature and Literary Theory";"Arts and Humanities; Social Sciences"
305;21101209993;"Revista Ibero-Americana de Ciencia da Informacao";journal;"19835213";"Universidade de Brasilia";Yes;Yes;;-;4;60;0;1415;0;0;0,00;23,58;62,73;0;Brazil;Latin America;"Universidade de Brasilia";"2020-2025";"Library and Information Sciences";"Social Sciences"
306;21101051215;"Scholarly Assessment Reports";journal;"26895870";"Levy Library Press";Yes;No;;-;11;17;1;748;0;0;0,00;44,00;47,83;3;United States;Northern America;"Levy Library Press";"2019-2021";"Communication; Library and Information Sciences";"Social Sciences"
307;21101092537;"Transactions of the International Society for Music Information Retrieval";journal;"25143298";"Ubiquity Press";Yes;No;;-;20;18;8;1306;17;8;2,13;72,56;21,15;0;United Kingdom;Western Europe;"Ubiquity Press";"2019-2025";"Library and Information Sciences; Linguistics and Language; Museology; Music";"Arts and Humanities; Social Sciences"
308;21101060465;"Umanistica Digitale";journal;"25328816";"University of Bologna Department of Classical and Italian Philology, Alma Mater Studiorum";Yes;Yes;;-;7;26;72;548;10;68;0,16;21,08;54,17;1;Italy;Western Europe;"University of Bologna Department of Classical and Italian Philology, Alma Mater Studiorum";"2017-2026";"Arts and Humanities (miscellaneous); Computer Science Applications; Computer Science (miscellaneous); Library and Information Sciences";"Arts and Humanities; Computer Science; Social Sciences"
309;21101076301;"University Library at a New Stage of Social Communications Development. Conference Proceedings";conference and proceedings;"27070476";"Dnipro National University of Railway Transport named after Academician V. Lazaryan";Yes;No;;-;7;17;20;213;5;18;0,25;12,53;77,78;0;Ukraine;Eastern Europe;"Dnipro National University of Railway Transport named after Academician V. Lazaryan";"2019-2024";"Library and Information Sciences";"Social Sciences"
310;21101241162;"Vjesnik Dalmatinskih Arhiva";journal;"27570932, 28068459";"State Archives in Sibenik";Yes;Yes;;-;2;12;0;229;0;0;0,00;19,08;38,46;0;Croatia;Eastern Europe;"State Archives in Sibenik";"2020-2025";"Arts and Humanities (miscellaneous); History; Library and Information Sciences";"Arts and Humanities; Social Sciences"
311;21101046690;"Z Badan nad Ksiazka i Ksiegozbiorami Historycznymi";journal;"25448730, 18970788";"University of Warsaw";Yes;Yes;;-;3;21;18;690;1;17;0,06;32,86;76,47;0;Poland;Eastern Europe;"University of Warsaw";"2019-2025";"Arts and Humanities (miscellaneous); Communication; History; Library and Information Sciences";"Arts and Humanities; Social Sciences"
