Rank;Sourceid;Title;Type;Issn;Publisher;Open Access;Open Access Diamond;SJR;SJR Quartile;H index;Total Docs. (2021);Total Docs. (3years);Total Refs.;Total Citations (3years);Citable Docs. (3years);Citations / Doc. (2years);Ref. / Doc.;%Female;Overton;Country;Region;Publisher;Coverage;Categories;Areas
1;15631;"International Journal of Information Management";journal;"02684012";"Elsevier Ltd";No;No;4,584;Q1;215;159;504;16248;10146;496;20,23;102,19;29,82;31;United Kingdom;Western Europe;"Elsevier Ltd";"1970, 1986-2026";"Artificial Intelligence (Q1); Computer Networks and Communications (Q1); Information Systems (Q1); Information Systems and Management (Q1); Library and Information Sciences (Q1); Management Information Systems (Q1); Marketing (Q1)";"Business, Management and Accounting; Computer Science; Decision Sciences; Social Sciences"
2;15574;"Information Systems Research";journal;"15265536, 10477047";"INFORMS Inst.for Operations Res.and the Management Sciences";No;No;3,816;Q1;203;73;199;5376;1489;195;6,09;73,64;29,38;3;United States;Northern America;"INFORMS Inst.for Operations Res.and the Management Sciences";"1990-2025";"Computer Networks and Communications (Q1); Information Systems (Q1); Information Systems and Management (Q1); Library and Information Sciences (Q1); Management Information Systems (Q1)";"Business, Management and Accounting; Computer Science; Decision Sciences; Social Sciences"
3;29745;"Information and Organization";journal;"14717727";"Elsevier Ltd";No;No;3,623;Q1;83;21;48;1432;535;47;7,26;68,19;51,02;7;United Kingdom;Western Europe;"Elsevier Ltd";"1996-1997, 2001-2026";"Information Systems (Q1); Library and Information Sciences (Q1); Management Information Systems (Q1); Management of Technology and Innovation (Q1); Organizational Behavior and Human Resource Management (Q1)";"Business, Management and Accounting; Computer Science; Social Sciences"
4;21100451321;"Scientific Data";journal;"20524463";"Nature Research";Yes;No;2,468;Q1;165;290;1088;14480;9291;416;8,00;49,93;31,78;58;United Kingdom;Western Europe;"Nature Research";"2014-2026";"Computer Science Applications (Q1); Education (Q1); Information Systems (Q1); Library and Information Sciences (Q1); Statistics and Probability (Q1); Statistics, Probability and Uncertainty (Q1)";"Computer Science; Decision Sciences; Mathematics; Social Sciences"
5;14735;"Government Information Quarterly";journal;"0740624X";"Elsevier Ltd";No;No;2,439;Q1;157;61;222;5504;2267;213;10,52;90,23;32,89;26;United Kingdom;Western Europe;"Elsevier Ltd";"1984-2026";"E-learning (Q1); Law (Q1); Library and Information Sciences (Q1); Sociology and Political Science (Q1)";"Social Sciences"
6;12815;"Journal of Information Technology";journal;"14664437, 02683962";"Palgrave Macmillan Ltd.";No;No;2,229;Q1;102;31;69;2392;544;55;4,33;77,16;22,22;4;United Kingdom;Western Europe;"Palgrave Macmillan Ltd.";"1987-2026";"Information Systems (Q1); Library and Information Sciences (Q1); Strategy and Management (Q1)";"Business, Management and Accounting; Computer Science; Social Sciences"
7;15074;"European Journal of Information Systems";journal;"0960085X, 14769344";"Taylor and Francis Ltd.";No;No;2,201;Q1;151;35;121;3062;1171;107;10,92;87,49;31,11;0;United Kingdom;Western Europe;"Taylor and Francis Ltd.";"1995-2026";"Information Systems (Q1); Information Systems and Management (Q1); Library and Information Sciences (Q1); Management Information Systems (Q1)";"Business, Management and Accounting; Computer Science; Decision Sciences; Social Sciences"
8;21100933954;"Big Data and Society";journal;"20539517";"SAGE Publications Ltd";Yes;No;2,040;Q1;89;99;173;5916;1359;132;7,32;59,76;44,55;44;United Kingdom;Western Europe;"SAGE Publications Ltd";"2014-2026";"Communication (Q1); Computer Science Applications (Q1); Information Systems (Q1); Information Systems and Management (Q1); Library and Information Sciences (Q1)";"Computer Science; Decision Sciences; Social Sciences"
9;200147110;"Information Communication and Society";journal;"14684462, 1369118X";"Routledge";No;No;1,968;Q1;136;141;366;7333;2381;352;6,05;52,01;53,90;0;United Kingdom;Western Europe;"Routledge";"2001, 2005-2026";"Communication (Q1); Library and Information Sciences (Q1)";"Social Sciences"
10;12689;"Information Processing and Management";journal;"18735371, 03064573";"Elsevier Ltd";No;No;1,854;Q1;149;257;477;15842;3982;466;8,16;61,64;29,50;14;United Kingdom;Western Europe;"Elsevier Ltd";"1975-2026";"Computer Science Applications (Q1); Information Systems (Q1); Library and Information Sciences (Q1); Management Science and Operations Research (Q1); Media Technology (Q1)";"Computer Science; Decision Sciences; Engineering; Social Sciences"
11;15107;"IEEE Transactions on Information Theory";journal;"00189448, 15579654";"Institute of Electrical and Electronics Engineers Inc.";No;No;1,731;Q1;310;479;1454;19604;5385;1454;3,55;40,93;22,35;0;United States;Northern America;"Institute of Electrical and Electronics Engineers Inc.";"1963-2026";"Computer Science Applications (Q1); Information Systems (Q1); Library and Information Sciences (Q1)";"Computer Science; Social Sciences"
12;19600157322;"Journal of Cheminformatics";journal;"17582946";"BioMed Central Ltd";Yes;No;1,589;Q1;101;98;216;4892;1958;208;8,33;49,92;29,26;2;United Kingdom;Western Europe;"BioMed Central Ltd";"2009-2026";"Computer Graphics and Computer-Aided Design (Q1); Computer Science Applications (Q1); Library and Information Sciences (Q1); Physical and Theoretical Chemistry (Q1)";"Chemistry; Computer Science; Social Sciences"
13;18916;"Social Science Computer Review";journal;"15528286, 08944393";"SAGE Publications Inc.";No;No;1,503;Q1;104;74;140;4185;788;138;5,37;56,55;36,36;20;United States;Northern America;"SAGE Publications Inc.";"1983-2026";"Computer Science Applications (Q1); Law (Q1); Library and Information Sciences (Q1); Social Sciences (miscellaneous) (Q1)";"Computer Science; Social Sciences"
14;5100155103;"Journal of Informetrics";journal;"18755879, 17511577";"Elsevier B.V.";No;No;1,437;Q1;107;95;249;5594;1509;236;4,33;58,88;33,06;18;Netherlands;Western Europe;"Elsevier B.V.";"2007-2026";"Applied Mathematics (Q1); Computer Science Applications (Q1); Library and Information Sciences (Q1); Management Science and Operations Research (Q1); Modeling and Simulation (Q1); Statistics and Probability (Q1)";"Computer Science; Decision Sciences; Mathematics; Social Sciences"
15;2600147402;"Ethics and Information Technology";journal;"13881957, 15728439";"Springer Science and Business Media B.V.";No;No;1,328;Q1;87;98;80;4279;584;78;5,07;43,66;39,17;30;Netherlands;Western Europe;"Springer Science and Business Media B.V.";"1999-2026";"Computer Science Applications (Q1); Library and Information Sciences (Q1)";"Computer Science; Social Sciences"
16;130080;"Journal of Chemical Information and Modeling";journal;"1549960X, 15499596";"American Chemical Society";No;No;1,223;Q1;219;522;1323;31900;7741;1299;5,79;61,11;27,99;7;United States;Northern America;"American Chemical Society";"2005-2026";"Chemical Engineering (miscellaneous) (Q1); Chemistry (miscellaneous) (Q1); Computer Science Applications (Q1); Library and Information Sciences (Q1)";"Chemical Engineering; Chemistry; Computer Science; Social Sciences"
17;20870;"Telecommunications Policy";journal;"03085961";"Elsevier Ltd";No;No;1,203;Q1;101;99;230;5919;1134;218;4,89;59,79;27,05;48;United Kingdom;Western Europe;"Elsevier Ltd";"1976-2026";"Economics and Econometrics (Q1); Electrical and Electronic Engineering (Q1); Human Factors and Ergonomics (Q1); Information Systems (Q1); Library and Information Sciences (Q1); Management Information Systems (Q1); Management, Monitoring, Policy and Law (Q1)";"Business, Management and Accounting; Computer Science; Economics, Econometrics and Finance; Engineering; Environmental Science; Social Sciences"
18;21100788884;"International Journal of Multimedia Information Retrieval";journal;"21926611, 2192662X";"Springer London";No;No;1,174;Q1;37;19;63;932;347;57;3,07;49,05;10,26;0;United Kingdom;Western Europe;"Springer London";"2012-2026";"Information Systems (Q1); Library and Information Sciences (Q1); Media Technology (Q1)";"Computer Science; Engineering; Social Sciences"
19;28040;"International Journal of Geographical Information Science";journal;"13658816, 13658824";"Taylor and Francis Ltd.";No;No;1,144;Q1;149;100;339;5615;1706;328;5,11;56,15;30,89;5;United Kingdom;Western Europe;"Taylor and Francis Ltd.";"1997-2026";"Geography, Planning and Development (Q1); Information Systems (Q1); Library and Information Sciences (Q1)";"Computer Science; Social Sciences"
20;14238;"College and Research Libraries";journal;"00100870, 21506701";"Association of College and Research Libraries";Yes;Yes;1,113;Q1;63;55;171;1577;374;150;1,85;28,67;66,93;1;United States;Northern America;"Association of College and Research Libraries";"1942, 1946-1947, 1954, 1964, 1987-2026";"Library and Information Sciences (Q1)";"Social Sciences"
21;130132;"Information Technology and People";journal;"09593845";"Emerald Group Publishing Ltd.";No;No;1,074;Q1;92;67;215;6128;1028;213;4,33;91,46;39,70;0;United Kingdom;Western Europe;"Emerald Group Publishing Ltd.";"1990, 1992, 1994-2026";"Computer Science Applications (Q1); Information Systems (Q1); Library and Information Sciences (Q1)";"Computer Science; Social Sciences"
22;144955;"Education and Information Technologies";journal;"15737608, 13602357";"Springer";No;No;1,055;Q1;121;339;639;19329;3393;617;5,11;57,02;43,73;45;United States;Northern America;"Springer";"1996-2002, 2005-2026";"Education (Q1); E-learning (Q1); Library and Information Sciences (Q1)";"Social Sciences"
23;130065;"Journal of Enterprise Information Management";journal;"17410398";"Emerald Publishing";No;No;0,968;Q1;100;46;200;4282;1090;196;4,87;93,09;22,46;0;United Kingdom;Western Europe;"Emerald Publishing";"2004-2026";"Information Systems (Q1); Library and Information Sciences (Q1); Decision Sciences (miscellaneous) (Q2); Management of Technology and Innovation (Q2)";"Business, Management and Accounting; Computer Science; Decision Sciences; Social Sciences"
24;21100258853;"F1000Research";journal;"20461402";"F1000 Research Ltd";Yes;No;0,939;-;129;691;2157;21861;8296;2115;3,61;31,64;40,09;35;United Kingdom;Western Europe;"F1000 Research Ltd";"2012-2026";"Biochemistry, Genetics and Molecular Biology (miscellaneous) (Q1); Medicine (miscellaneous) (Q1); Pharmacology, Toxicology and Pharmaceutics (miscellaneous) (Q1); Immunology and Microbiology (miscellaneous)  (Q2)";"Biochemistry, Genetics and Molecular Biology; Immunology and Microbiology; Medicine; Pharmacology, Toxicology and Pharmaceutics"
25;24222;"Scientometrics";journal;"15882861, 01389130";"Springer Nature";No;No;0,929;Q1;167;438;1127;22261;4462;1028;3,75;50,82;33,94;72;Switzerland;Western Europe;"Springer Nature";"1978-2026";"Library and Information Sciences (Q1); Social Sciences (miscellaneous) (Q1); Computer Science Applications (Q2)";"Computer Science; Social Sciences"
26;13971;"Library and Information Science Research";journal;"07408188";"Elsevier B.V.";Yes;No;0,921;Q1;74;34;103;1893;310;98;2,93;55,68;61,63;6;United Kingdom;Western Europe;"Elsevier B.V.";"1987-2026";"Information Systems (Q1); Library and Information Sciences (Q1)";"Computer Science; Social Sciences"
27;147225;"Computers in the Schools";journal;"07380569, 15287033";"Routledge";No;No;0,919;Q1;41;12;51;621;112;48;1,91;51,75;36,00;0;United States;Northern America;"Routledge";"1984-1997, 1999, 2001-2026";"Computer Science (miscellaneous) (Q1); Education (Q1); Library and Information Sciences (Q1)";"Computer Science; Social Sciences"
28;17857;"Journal of the Medical Library Association";journal;"15365050, 15589439";"Medical Library Association";Yes;Yes;0,900;Q1;82;94;255;2551;781;223;2,03;27,14;70,04;13;United States;Northern America;"Medical Library Association";"1999, 2001-2026";"Library and Information Sciences (Q1); Medicine (miscellaneous) (Q1); Health Informatics (Q2)";"Medicine; Social Sciences"
29;15916;"Journal of Health Communication";journal;"10810730, 10870415";"Taylor and Francis Ltd.";No;No;0,880;Q1;120;85;304;4682;1005;302;2,48;55,08;58,20;13;United Kingdom;Western Europe;"Taylor and Francis Ltd.";"1996-2026";"Communication (Q1); Health (social science) (Q1); Library and Information Sciences (Q1); Public Health, Environmental and Occupational Health (Q1)";"Medicine; Social Sciences"
30;29335;"Education for Information";journal;"18758649, 01678329";"SAGE Publications Ltd";No;No;0,874;Q1;24;33;100;1373;300;93;0,59;41,61;70,97;0;United Kingdom;Western Europe;"SAGE Publications Ltd";"1983-2025";"Education (Q1); Library and Information Sciences (Q1); Information Systems (Q2)";"Computer Science; Social Sciences"
31;30004;"Health Information and Libraries Journal";journal;"14711842, 14711834";"Wiley-Blackwell Publishing Ltd";No;No;0,869;Q1;57;37;119;1017;380;103;3,61;27,49;63,22;5;United Kingdom;Western Europe;"Wiley-Blackwell Publishing Ltd";"2001-2025";"Library and Information Sciences (Q1); Health Informatics (Q2); Health Information Management (Q2)";"Health Professions; Medicine; Social Sciences"
32;21100307484;"Journal of the Association for Information Science and Technology";journal;"23301643, 23301635";"John Wiley and Sons Ltd";No;No;0,848;Q1;181;109;347;5467;1345;333;3,98;50,16;40,20;9;United Kingdom;Western Europe;"John Wiley and Sons Ltd";"2014-2026";"Information Systems and Management (Q1); Library and Information Sciences (Q1); Computer Networks and Communications (Q2); Information Systems (Q2)";"Computer Science; Decision Sciences; Social Sciences"
33;19400158481;"Journal of Web Librarianship";journal;"19322909, 19322917";"Routledge";No;No;0,831;Q1;24;13;34;311;62;34;0,90;23,92;58,62;0;United States;Northern America;"Routledge";"2007-2026";"Library and Information Sciences (Q1); Computer Science Applications (Q2)";"Computer Science; Social Sciences"
34;6200180164;"Profesional de la Informacion (discontinued)";journal;"16992407, 13866710";"El Profesional de la Informacion";No;No;0,831;Q1;56;125;443;7062;1535;441;3,69;56,50;52,19;32;Spain;Western Europe;"El Profesional de la Informacion";"2006-2025";"Communication (Q1); Cultural Studies (Q1); Library and Information Sciences (Q1); Information Systems (Q2)";"Computer Science; Social Sciences"
35;15442;"Information Systems Management";journal;"10580530";"Taylor and Francis Ltd.";No;No;0,811;Q1;77;27;90;1374;342;77;4,18;50,89;25,86;2;United Kingdom;Western Europe;"Taylor and Francis Ltd.";"1992-2026";"Library and Information Sciences (Q1); Computer Science Applications (Q2); Information Systems (Q2)";"Computer Science; Social Sciences"
36;22894;"Research Evaluation";journal;"09582029, 14715449";"Oxford University Press";No;No;0,779;Q1;70;47;93;3091;340;92;2,55;65,77;53,29;17;United Kingdom;Western Europe;"Oxford University Press";"1991-1996, 1998-2026";"Education (Q1); Library and Information Sciences (Q1)";"Social Sciences"
37;15133;"Information Retrieval Journal";journal;"13864564, 15737659";"Springer Science and Business Media B.V.";No;No;0,765;Q1;0;0;0;0;0;0;0,00;0,00;0,00;0;Netherlands;Western Europe;"Springer Science and Business Media B.V.";"1999-2023";"Library and Information Sciences (Q1); Information Systems (Q2)";"Computer Science; Social Sciences"
38;12813;"Journal of Information Science";journal;"01655515, 17416485";"SAGE Publications Ltd";No;No;0,761;Q1;86;54;158;2839;660;158;3,40;52,57;36,84;4;United Kingdom;Western Europe;"SAGE Publications Ltd";"1979-2026";"Library and Information Sciences (Q1); Information Systems (Q2)";"Computer Science; Social Sciences"
39;13316;"Journal of Librarianship and Information Science";journal;"09610006, 17416477";"SAGE Publications Ltd";No;No;0,756;Q1;45;50;216;2561;534;216;2,44;51,22;49,57;7;United Kingdom;Western Europe;"SAGE Publications Ltd";"1969-2026";"Library and Information Sciences (Q1)";"Social Sciences"
40;12791;"Journal of Academic Librarianship";journal;"00991333";"Elsevier B.V.";No;No;0,741;Q1;75;153;298;6798;643;295;2,46;44,43;57,94;15;United Kingdom;Western Europe;"Elsevier B.V.";"1988-2026";"Education (Q1); Library and Information Sciences (Q1)";"Social Sciences"
41;144671;"Reference Services Review";journal;"00907324";"Emerald Group Publishing Ltd.";No;No;0,737;Q1;46;19;133;476;165;117;1,16;25,05;79,17;0;United Kingdom;Western Europe;"Emerald Group Publishing Ltd.";"1973-2026";"E-learning (Q1); Library and Information Sciences (Q1)";"Social Sciences"
42;4700152829;"Journal of Library and Information Services in Distance Learning";journal;"15332918, 1533290X";"Routledge";No;No;0,735;Q1;19;16;74;359;65;65;0,98;22,44;45,83;0;United States;Northern America;"Routledge";"2004-2007, 2009-2025";"Library and Information Sciences (Q1); E-learning (Q2)";"Social Sciences"
43;144983;"Archival Science";journal;"13890166, 15737500";"Springer Science and Business Media B.V.";No;No;0,714;Q1;48;22;59;1124;129;54;2,17;51,09;55,56;1;Netherlands;Western Europe;"Springer Science and Business Media B.V.";"2001-2026";"History (Q1); Library and Information Sciences (Q1)";"Arts and Humanities; Social Sciences"
44;21100805777;"Information and Learning Science";journal;"23985356, 23985348";"Emerald Publishing";No;No;0,688;Q1;43;36;178;2103;584;168;4,16;58,42;59,41;0;United Kingdom;Western Europe;"Emerald Publishing";"2017-2026";"Library and Information Sciences (Q1); Computer Science Applications (Q2); Education (Q2)";"Computer Science; Social Sciences"
45;14060;"Library Quarterly";journal;"00242519, 1549652X";"University of Chicago Press";No;No;0,679;Q1;50;31;72;1353;130;64;1,46;43,65;51,06;0;United States;Northern America;"University of Chicago Press";"1946-1947, 1951, 1958, 1979, 1981, 1988-2026";"Library and Information Sciences (Q1)";"Social Sciences"
46;4700152795;"Journal of Library Administration";journal;"01930826, 15403564";"Routledge";No;No;0,673;Q1;36;70;181;1846;235;181;1,41;26,37;76,72;5;United States;Northern America;"Routledge";"1980-2026";"Library and Information Sciences (Q1); Public Administration (Q2)";"Social Sciences"
47;12794;"Journal of Documentation";journal;"00220418";"Emerald Group Publishing Ltd.";No;No;0,632;Q1;80;73;227;4401;531;226;2,28;60,29;47,95;0;United Kingdom;Western Europe;"Emerald Group Publishing Ltd.";"1945-2026";"Library and Information Sciences (Q1); Information Systems (Q2)";"Computer Science; Social Sciences"
48;15386;"Online Information Review";journal;"14684527, 14684535";"Emerald Publishing";No;No;0,630;Q1;85;68;231;4108;701;226;2,89;60,41;45,78;0;United Kingdom;Western Europe;"Emerald Publishing";"1980-1995, 1997, 1999-2026";"Library and Information Sciences (Q1); Computer Science Applications (Q2); Information Systems (Q2)";"Computer Science; Social Sciences"
49;22315;"Personal and Ubiquitous Computing";journal;"16174909, 16174917";"Springer London";No;No;0,615;Q1;106;77;223;3332;730;210;3,31;43,27;30,83;4;United Kingdom;Western Europe;"Springer London";"1997-2026";"Library and Information Sciences (Q1); Computer Science Applications (Q2); Hardware and Architecture (Q2); Management Science and Operations Research (Q2)";"Computer Science; Decision Sciences; Social Sciences"
50;22510;"Learned Publishing";journal;"09531513, 17414857";"Wiley-Blackwell";No;No;0,600;-;52;78;166;2562;379;134;2,51;32,85;52,24;15;United States;Northern America;"Wiley-Blackwell";"1996-2026";"Communication (Q1)";"Social Sciences"
51;14721;"Medical Reference Services Quarterly";journal;"02763869, 15409597";"Routledge";No;No;0,585;Q1;31;40;123;506;265;115;1,32;12,65;75,00;4;United States;Northern America;"Routledge";"1982-2026";"Library and Information Sciences (Q1); Health Informatics (Q3)";"Medicine; Social Sciences"
52;15933;"Portal";journal;"15307131, 15312542";"Johns Hopkins University Press";No;No;0,585;Q1;48;46;123;2185;159;108;1,22;47,50;67,65;1;United States;Northern America;"Johns Hopkins University Press";"2001-2026";"Library and Information Sciences (Q1); Development (Q2)";"Social Sciences"
53;21100329302;"Journal of Information Literacy";journal;"17505968";"CILIP Information Literacy Group";Yes;Yes;0,584;Q1;19;30;64;1018;67;51;0,73;33,93;62,96;2;United Kingdom;Western Europe;"CILIP Information Literacy Group";"2010, 2014-2025";"Library and Information Sciences (Q1); Education (Q2); E-learning (Q2)";"Social Sciences"
54;145290;"Bottom Line";journal;"0888045X";"Emerald Group Publishing Ltd.";No;No;0,563;Q1;33;10;55;710;181;54;3,17;71,00;36,67;0;United Kingdom;Western Europe;"Emerald Group Publishing Ltd.";"1988-2026";"Library and Information Sciences (Q1); Business, Management and Accounting (miscellaneous) (Q2)";"Business, Management and Accounting; Social Sciences"
55;23842;"Journal of Classification";journal;"01764268, 14321343";"Springer New York";No;No;0,563;Q1;51;33;105;1258;152;96;1,08;38,12;33,80;1;United States;Northern America;"Springer New York";"1984-2026";"Library and Information Sciences (Q1); Mathematics (miscellaneous) (Q2); Psychology (miscellaneous) (Q2); Statistics, Probability and Uncertainty (Q2)";"Decision Sciences; Mathematics; Psychology; Social Sciences"
56;12709;"Information Technology and Libraries";journal;"07309295, 21635226";"American Library Association";Yes;Yes;0,548;Q1;42;39;124;1054;147;93;1,33;27,03;45,95;0;United States;Northern America;"American Library Association";"1968, 1971-1974, 1981, 1988-2025";"Library and Information Sciences (Q1); Information Systems (Q2)";"Computer Science; Social Sciences"
57;145600;"International Journal of Law and Information Technology";journal;"09670769, 14643693";"Oxford University Press";No;No;0,543;Q1;28;15;43;1679;131;43;3,21;111,93;25,93;4;United Kingdom;Western Europe;"Oxford University Press";"1993-2026";"Law (Q1); Library and Information Sciences (Q1)";"Social Sciences"
58;4700152908;"Knowledge Management Research and Practice";journal;"14778238, 14778246";"Taylor and Francis Ltd.";No;No;0,541;Q1;62;54;131;3341;415;130;3,33;61,87;42,67;7;United Kingdom;Western Europe;"Taylor and Francis Ltd.";"2006-2026";"Library and Information Sciences (Q1); Business and International Management (Q2); Management Information Systems (Q2); Management of Technology and Innovation (Q2); Strategy and Management (Q2); Management Science and Operations Research (Q3)";"Business, Management and Accounting; Decision Sciences; Social Sciences"
59;15069;"World Patent Information";journal;"01722190";"Elsevier Ltd";No;No;0,540;Q1;42;33;109;1343;209;96;1,89;40,70;35,06;1;United Kingdom;Western Europe;"Elsevier Ltd";"1979-2026";"Library and Information Sciences (Q1); Computer Science Applications (Q2); Energy Engineering and Power Technology (Q2); Fuel Technology (Q2); Process Chemistry and Technology (Q2); Bioengineering (Q3); Renewable Energy, Sustainability and the Environment (Q3)";"Chemical Engineering; Computer Science; Energy; Social Sciences"
60;4700152789;"Collection Management";journal;"01462679, 15452549";"Routledge";No;No;0,536;Q1;24;22;84;592;70;72;0,82;26,91;78,79;0;United States;Northern America;"Routledge";"1976, 1978-1979, 1981-1999, 2001-2025";"Library and Information Sciences (Q1); Strategy and Management (Q2)";"Business, Management and Accounting; Social Sciences"
61;14066;"Library Trends";journal;"15590682, 00242594";"Johns Hopkins University Press";No;No;0,536;Q1;57;39;116;1771;139;104;0,77;45,41;61,02;2;United States;Northern America;"Johns Hopkins University Press";"1980-2026";"Library and Information Sciences (Q1)";"Social Sciences"
62;21100374356;"Aslib Journal of Information Management";journal;"20503806, 20503814";"Emerald Group Publishing Ltd.";No;No;0,535;Q1;58;50;137;3293;381;132;2,33;65,86;42,86;0;United Kingdom;Western Europe;"Emerald Group Publishing Ltd.";"2014-2026";"Library and Information Sciences (Q1); Information Systems (Q2)";"Computer Science; Social Sciences"
63;19700201446;"New Review of Academic Librarianship";journal;"13614533, 17407834";"Taylor and Francis Ltd.";No;No;0,528;Q1;30;26;75;983;102;70;1,09;37,81;62,50;5;United Kingdom;Western Europe;"Taylor and Francis Ltd.";"1995-2026";"Library and Information Sciences (Q1); E-learning (Q2)";"Social Sciences"
64;145663;"Language Resources and Evaluation";journal;"1574020X, 15740218";"Springer Science and Business Media B.V.";No;No;0,521;Q2;70;43;109;2065;338;107;2,64;48,02;34,73;2;Netherlands;Western Europe;"Springer Science and Business Media B.V.";"1996-2002, 2005-2026";"Linguistics and Language (Q1); Education (Q2); Library and Information Sciences (Q2)";"Social Sciences"
65;21100867250;"Journal of Open Research Software";journal;"20499647";"Ubiquity Press";Yes;No;0,519;Q2;20;34;91;693;222;91;1,54;20,38;12,96;0;United Kingdom;Western Europe;"Ubiquity Press";"2018-2026";"Information Systems (Q2); Library and Information Sciences (Q2); Software (Q3)";"Computer Science; Social Sciences"
66;21100829144;"Journal of the Australian Library and Information Association";journal;"24750158, 24750166";"Taylor and Francis Ltd.";No;No;0,517;Q2;32;33;100;1039;99;84;1,06;31,48;72,92;3;United Kingdom;Western Europe;"Taylor and Francis Ltd.";"2017-2026";"Library and Information Sciences (Q2)";"Social Sciences"
67;23776;"Archivaria";journal;"03186954";"Association of Canadian Archivists";No;No;0,505;Q2;35;11;40;468;45;35;0,96;42,55;78,57;0;Canada;Northern America;"Association of Canadian Archivists";"1980, 1989-1990, 1996-2025";"Library and Information Sciences (Q2)";"Social Sciences"
68;4700152731;"Public Library Quarterly";journal;"01616846, 15411540";"Routledge";No;No;0,496;Q2;26;32;101;1134;122;89;1,43;35,44;57,81;5;United States;Northern America;"Routledge";"1979-1986, 1988-2026";"Library and Information Sciences (Q2)";"Social Sciences"
69;21100801727;"Digital Library Perspectives";journal;"20595816, 20595824";"Emerald Publishing";No;No;0,493;Q2;30;29;86;841;162;80;2,15;29,00;58,33;0;United Kingdom;Western Europe;"Emerald Publishing";"2016-2026";"Education (Q2); Information Systems (Q2); Library and Information Sciences (Q2)";"Computer Science; Social Sciences"
70;16004;"Reference and User Services Quarterly";journal;"10949054";"American Library Association";No;No;0,491;Q2;41;12;72;186;74;60;0,77;15,50;78,57;0;United States;Northern America;"American Library Association";"1997-2019, 2021, 2024-2025";"Information Systems (Q2); Library and Information Sciences (Q2)";"Computer Science; Social Sciences"
71;144644;"Library Management";journal;"01435124";"Emerald Group Publishing Ltd.";No;No;0,489;Q2;43;37;158;1341;218;154;1,29;36,24;58,46;0;United Kingdom;Western Europe;"Emerald Group Publishing Ltd.";"1979-2025";"Library and Information Sciences (Q2)";"Social Sciences"
72;4700152758;"Reference Librarian";journal;"02763877, 15411117";"Routledge";No;No;0,487;Q2;27;15;68;508;97;67;1,00;33,87;68,57;0;United States;Northern America;"Routledge";"1982-2025";"Library and Information Sciences (Q2)";"Social Sciences"
73;4700152782;"College and Undergraduate Libraries";journal;"10691316, 15452530";"Routledge";No;No;0,485;Q2;26;42;53;938;92;52;0,63;22,33;54,55;1;United States;Northern America;"Routledge";"1994-2004, 2006-2026";"Education (Q2); Library and Information Sciences (Q2); E-learning (Q3)";"Social Sciences"
74;19700170495;"LIBER Quarterly";journal;"14355205";"";Yes;Yes;0,479;Q2;23;13;61;372;94;59;1,88;28,62;42,11;2;Netherlands;Western Europe;"";"1999-2026";"Library and Information Sciences (Q2)";"Social Sciences"
75;6400153106;"Information Development";journal;"17416469, 02666669";"SAGE Publications Ltd";No;No;0,468;Q2;48;49;161;2757;346;142;2,24;56,27;28,95;7;United Kingdom;Western Europe;"SAGE Publications Ltd";"1985-2026";"Library and Information Sciences (Q2)";"Social Sciences"
76;144908;"Library Hi Tech";journal;"07378831";"Emerald Group Publishing Ltd.";No;No;0,467;Q2;59;41;185;2010;396;180;1,97;49,02;35,78;0;United Kingdom;Western Europe;"Emerald Group Publishing Ltd.";"1983-2025";"Library and Information Sciences (Q2); Information Systems (Q3)";"Computer Science; Social Sciences"
77;144979;"Records Management Journal";journal;"09565698";"Emerald Group Publishing Ltd.";No;No;0,466;Q2;30;12;71;610;126;69;1,76;50,83;50,00;0;United Kingdom;Western Europe;"Emerald Group Publishing Ltd.";"1989-1991, 1994-2026";"Library and Information Sciences (Q2); Management Information Systems (Q2)";"Business, Management and Accounting; Social Sciences"
78;18735;"Accountability in Research";journal;"15455815, 08989621";"Taylor and Francis Ltd.";No;No;0,456;Q2;43;30;99;1253;202;74;2,13;41,77;38,16;4;United Kingdom;Western Europe;"Taylor and Francis Ltd.";"1989-2026";"Education (Q2); Library and Information Sciences (Q2); Medicine (miscellaneous) (Q3)";"Medicine; Social Sciences"
79;15420;"Electronic Library";journal;"02640473";"Emerald Group Publishing Ltd.";No;No;0,443;Q2;53;43;202;1864;415;200;1,97;43,35;42,61;0;United Kingdom;Western Europe;"Emerald Group Publishing Ltd.";"1983-2026";"Library and Information Sciences (Q2); Computer Science Applications (Q3)";"Computer Science; Social Sciences"
80;145200;"International Journal on Digital Libraries";journal;"14325012, 14321300";"Springer Verlag";No;No;0,438;Q2;42;24;81;1010;170;73;1,91;42,08;32,26;2;Germany;Western Europe;"Springer Verlag";"1997-1998, 2000, 2004-2010, 2012-2026";"Library and Information Sciences (Q2)";"Social Sciences"
81;21100888812;"Journal of Data and Information Science";journal;"2096157X, 2543683X";"";Yes;Yes;0,433;Q2;23;33;85;1481;186;82;2,06;44,88;32,98;3;Poland;Eastern Europe;"";"2016-2026";"Information Systems and Management (Q2); Library and Information Sciences (Q2); Public Administration (Q2)";"Decision Sciences; Social Sciences"
82;21100814051;"Information Discovery and Delivery";journal;"23986247";"Emerald Group Publishing Ltd.";No;No;0,427;Q2;30;28;74;1298;150;71;2,15;46,36;37,14;0;United Kingdom;Western Europe;"Emerald Group Publishing Ltd.";"2017-2026";"Computer Science (miscellaneous) (Q2); Library and Information Sciences (Q2)";"Computer Science; Social Sciences"
83;12981;"Kybernetes";journal;"0368492X";"Emerald Publishing";No;No;0,409;-;65;104;417;6802;926;410;2,12;65,40;38,79;0;United Kingdom;Western Europe;"Emerald Publishing";"1972-2026";"Computer Science (miscellaneous) (Q2); Electrical and Electronic Engineering (Q2); Engineering (miscellaneous) (Q2); Social Sciences (miscellaneous) (Q2); Artificial Intelligence (Q3); Control and Systems Engineering (Q3); Information Systems (Q3); Software (Q3); Theoretical Computer Science (Q3)";"Computer Science; Engineering; Mathematics; Social Sciences"
84;21100836334;"Publications";journal;"23046775";"Multidisciplinary Digital Publishing Institute (MDPI)";Yes;No;0,399;Q2;32;54;167;3375;360;152;2,31;62,50;44,09;8;Switzerland;Western Europe;"Multidisciplinary Digital Publishing Institute (MDPI)";"2013-2025";"Business and International Management (Q2); Communication (Q2); Library and Information Sciences (Q2); Media Technology (Q2); Computer Science Applications (Q3)";"Business, Management and Accounting; Computer Science; Engineering; Social Sciences"
85;21100801725;"VINE Journal of Information and Knowledge Management Systems";journal;"20595905, 20595891";"Emerald Publishing";No;No;0,399;Q2;48;16;122;1243;316;122;2,25;77,69;42,50;0;United Kingdom;Western Europe;"Emerald Publishing";"2016-2026";"Library and Information Sciences (Q2); Management of Technology and Innovation (Q2); Computer Networks and Communications (Q3); Computer Science Applications (Q3); Information Systems (Q3)";"Business, Management and Accounting; Computer Science; Social Sciences"
86;19400158815;"Communications in Information Literacy";journal;"19335954";"Communications in Information Literacy";Yes;Yes;0,391;Q2;26;12;49;365;45;44;1,00;30,42;84,21;0;United States;Northern America;"Communications in Information Literacy";"2009-2025";"Education (Q2); Library and Information Sciences (Q2); E-learning (Q3)";"Social Sciences"
87;11500153514;"Revista Espanola de Documentacion Cientifica";journal;"02100614, 19884621";"CSIC Consejo Superior de Investigaciones Cientificas";Yes;Yes;0,386;Q2;24;30;89;1404;136;89;1,39;46,80;38,10;5;Spain;Western Europe;"CSIC Consejo Superior de Investigaciones Cientificas";"1984, 2008-2025";"Library and Information Sciences (Q2)";"Social Sciences"
88;21100970313;"Information Sciences Letters (discontinued)";journal;"2090956X, 20909551";"Natural Sciences Publishing";No;No;0,375;Q2;28;61;40;1714;91;40;2,28;28,10;30,07;0;United States;Northern America;"Natural Sciences Publishing";"2019-2023";"Library and Information Sciences (Q2); Applied Mathematics (Q3); Computer Science Applications (Q3)";"Computer Science; Mathematics; Social Sciences"
89;25547;"Interacting with Computers";journal;"18737951, 09535438";"Oxford University Press";No;No;0,373;Q2;100;40;104;2386;215;104;2,27;59,65;39,39;1;United Kingdom;Western Europe;"Oxford University Press";"1989-2026";"Library and Information Sciences (Q2); Human-Computer Interaction (Q3); Software (Q3)";"Computer Science; Social Sciences"
90;19470;"Information Resources Management Journal";journal;"15337979, 10401628";"IGI Publishing";No;No;0,365;Q2;49;20;51;1554;85;51;1,23;77,70;21,28;0;United States;Northern America;"IGI Publishing";"1988-2026";"Business and International Management (Q2); Library and Information Sciences (Q2); Strategy and Management (Q3)";"Business, Management and Accounting; Social Sciences"
91;21100895684;"Global Knowledge, Memory and Communication";journal;"25149350, 25149342";"Emerald Group Publishing Ltd.";No;No;0,363;Q2;46;26;143;1637;225;141;1,45;62,96;38,46;0;United Kingdom;Western Europe;"Emerald Group Publishing Ltd.";"2018-2026";"Library and Information Sciences (Q2)";"Social Sciences"
92;27984;"Fukushima Journal of Medical Sciences";journal;"00162590, 21854610";"Fukushima Society of Medical Science";No;No;0,363;-;23;23;62;532;96;62;1,03;23,13;27,52;0;Japan;Asiatic Region;"Fukushima Society of Medical Science";"1964-2026";"Medicine (miscellaneous) (Q3)";"Medicine"
93;12690;"Information Research";journal;"13681613";"University of Boras";Yes;Yes;0,359;Q2;61;24;114;1484;127;108;1,00;61,83;51,61;1;Sweden;Western Europe;"University of Boras";"1996-2026";"Library and Information Sciences (Q2)";"Social Sciences"
94;21100939697;"Synthesis Lectures on Information Concepts, Retrieval, and Services";book series;"1947945X, 19479468";"Springer International Publishing";No;No;0,359;Q2;7;4;11;1037;19;8;1,83;259,25;50,00;0;Switzerland;Western Europe;"Springer International Publishing";"2010, 2012, 2017-2026";"Information Systems and Management (Q2); Library and Information Sciences (Q2); Computer Networks and Communications (Q3); Information Systems (Q3)";"Computer Science; Decision Sciences; Social Sciences"
95;16800154717;"IFLA Journal";journal;"03400352, 17452651";"SAGE Publications Ltd";No;No;0,347;Q2;31;45;82;1926;102;74;1,09;42,80;50,60;2;United Kingdom;Western Europe;"SAGE Publications Ltd";"1975-2026";"Library and Information Sciences (Q2)";"Social Sciences"
96;21100199774;"Evidence Based Library and Information Practice";journal;"1715720X";"University of Alberta";Yes;Yes;0,343;Q2;22;55;185;945;88;175;0,56;17,18;75,36;1;Canada;Northern America;"University of Alberta";"2011-2025";"Library and Information Sciences (Q2)";"Social Sciences"
97;8300153137;"International Journal of Metadata, Semantics and Ontologies";journal;"1744263X, 17442621";"Inderscience Enterprises Ltd";No;No;0,343;Q2;23;17;50;600;54;50;0,92;35,29;19,15;0;United Kingdom;Western Europe;"Inderscience Enterprises Ltd";"2006-2024";"Library and Information Sciences (Q2); Computer Science Applications (Q3); E-learning (Q3); Information Systems (Q3)";"Computer Science; Social Sciences"
98;19700181431;"Journal of Decision Systems";journal;"21167052, 12460125";"Taylor and Francis Ltd.";No;No;0,341;Q2;42;26;110;1537;203;109;1,51;59,12;27,45;0;United Kingdom;Western Europe;"Taylor and Francis Ltd.";"1992-2026";"Library and Information Sciences (Q2); Management Information Systems (Q3); Software (Q3)";"Business, Management and Accounting; Computer Science; Social Sciences"
99;144673;"Performance Measurement and Metrics";journal;"14678047";"Emerald Group Publishing Ltd.";No;No;0,341;Q2;27;12;49;382;61;48;1,33;31,83;42,86;0;United Kingdom;Western Europe;"Emerald Group Publishing Ltd.";"2000-2026";"Literature and Literary Theory (Q1); Library and Information Sciences (Q2)";"Arts and Humanities; Social Sciences"
100;145356;"Library Hi Tech News";journal;"07419058";"Emerald Group Publishing Ltd.";No;No;0,334;Q2;31;44;136;741;172;125;1,29;16,84;48,33;0;United Kingdom;Western Europe;"Emerald Group Publishing Ltd.";"1999-2026";"Library and Information Sciences (Q2); Information Systems (Q3)";"Computer Science; Social Sciences"
101;21100857955;"Data Technologies and Applications";journal;"25149288, 25149318";"Emerald Publishing";Yes;No;0,332;Q2;40;35;100;1726;205;97;2,18;49,31;33,33;0;United Kingdom;Western Europe;"Emerald Publishing";"2018-2026";"Library and Information Sciences (Q2); Information Systems (Q3)";"Computer Science; Social Sciences"
102;7600153106;"Malaysian Journal of Library and Information Science";journal;"13946234";"Faculty of Computer Science and Information Technology";No;No;0,332;Q2;31;18;60;816;83;60;1,60;45,33;36,36;0;Malaysia;Asiatic Region;"Faculty of Computer Science and Information Technology";"1996-2025";"Library and Information Sciences (Q2)";"Social Sciences"
103;21100857424;"SCIRES-IT";journal;"22394303";"Caspur -Ciber Publishing";Yes;Yes;0,324;Q2;14;28;82;765;76;77;0,85;27,32;51,35;0;Italy;Western Europe;"Caspur -Ciber Publishing";"2016-2025";"Conservation (Q1); Library and Information Sciences (Q2); Computer Networks and Communications (Q3); Computer Science Applications (Q3); Information Systems (Q3)";"Arts and Humanities; Computer Science; Social Sciences"
104;21100242609;"Insights: the UKSG Journal";journal;"20487754";"United Kingdom Serials Group";Yes;Yes;0,313;Q2;21;29;92;1041;102;81;1,26;35,90;47,46;1;United Kingdom;Western Europe;"United Kingdom Serials Group";"2012-2026";"Library and Information Sciences (Q2)";"Social Sciences"
105;4700152763;"Public Services Quarterly";journal;"15229114, 15228959";"Routledge";No;No;0,312;Q2;21;31;78;322;61;71;0,84;10,39;80,95;0;United States;Northern America;"Routledge";"2002-2003, 2006-2026";"Library and Information Sciences (Q2); Accounting (Q3); Public Administration (Q3)";"Business, Management and Accounting; Social Sciences"
106;21101051215;"Scholarly Assessment Reports";journal;"26895870";"Levy Library Press";Yes;No;0,303;Q2;11;6;18;307;46;17;2,56;51,17;46,15;2;United States;Northern America;"Levy Library Press";"2019-2021";"Communication (Q2); Library and Information Sciences (Q2)";"Social Sciences"
107;5600155499;"Canadian Journal of Program Evaluation";journal;"08341516";"Canadian Journal of Program Evaluation";No;No;0,302;Q2;24;40;93;1049;50;72;0,60;26,23;70,13;0;Canada;Northern America;"Canadian Journal of Program Evaluation";"1996, 2000-2001, 2003, 2005-2010, 2012-2025";"Library and Information Sciences (Q2)";"Social Sciences"
108;12749;"International Information and Library Review";journal;"10959297, 10572317";"Taylor and Francis Ltd.";No;No;0,300;Q2;34;19;110;481;128;110;1,37;25,32;66,67;2;United Kingdom;Western Europe;"Taylor and Francis Ltd.";"1992-2026";"Library and Information Sciences (Q2); E-learning (Q4)";"Social Sciences"
109;145510;"Libri";journal;"18658423, 00242667";"De Gruyter Saur";Yes;Yes;0,300;Q2;33;31;73;1616;79;73;0,69;52,13;42,42;1;Germany;Western Europe;"De Gruyter Saur";"1950, 1953-1956, 1958-2026";"Library and Information Sciences (Q2)";"Social Sciences"
110;19900191876;"Transinformacao";journal;"01033786";"Pontificia Universidade Catolica de Campinas";Yes;Yes;0,295;Q2;15;17;80;622;69;79;0,55;36,59;47,50;1;Brazil;Latin America;"Pontificia Universidade Catolica de Campinas";"2010-2025";"Museology (Q1); Communication (Q2); Library and Information Sciences (Q2); Information Systems (Q3)";"Arts and Humanities; Computer Science; Social Sciences"
111;21100945719;"International Journal of Media and Information Literacy";journal;"2500106X";"Cherkas Global University Press";Yes;No;0,294;Q2;11;43;39;1682;81;39;2,16;39,12;58,43;0;United States;Northern America;"Cherkas Global University Press";"2016-2025";"Communication (Q2); Library and Information Sciences (Q2); Education (Q3)";"Social Sciences"
112;5800207822;"Terminology";journal;"15699994, 09299971";"John Benjamins Publishing Company";No;No;0,291;Q2;31;12;33;596;57;32;1,52;49,67;85,71;0;Netherlands;Western Europe;"John Benjamins Publishing Company";"1994-1998, 2000-2026";"Communication (Q2); Library and Information Sciences (Q2); Linguistics and Language (Q2)";"Social Sciences"
113;21100212132;"DESIDOC Journal of Library and Information Technology";journal;"09740643, 09764658";"Defence Scientific Information and Documentation Centre";No;No;0,288;Q2;22;59;170;1579;270;165;1,61;26,76;36,73;1;India;Asiatic Region;"Defence Scientific Information and Documentation Centre";"2012-2025";"Library and Information Sciences (Q2)";"Social Sciences"
114;21100264483;"Cuadernos.info";journal;"0719367X, 07193661";"Pontificia Universidad Catolica de Chile";Yes;Yes;0,285;Q2;20;42;83;1943;78;79;0,84;46,26;55,06;3;Chile;Latin America;"Pontificia Universidad Catolica de Chile";"2013-2025";"Communication (Q2); Library and Information Sciences (Q2)";"Social Sciences"
115;21100837856;"School Library Research";journal;"21651019";"American Library Association";No;No;0,284;Q2;19;8;17;310;16;17;1,09;38,75;93,75;0;United States;Northern America;"American Library Association";"2014-2025";"Library and Information Sciences (Q2); Media Technology (Q2)";"Engineering; Social Sciences"
116;21100829944;"Journal of Education for Library and Information Science";journal;"07485786, 23282967";"University of Toronto Press";No;No;0,278;Q2;16;25;77;1147;99;67;1,41;45,88;71,70;1;Canada;Northern America;"University of Toronto Press";"2011, 2017-2026";"Library and Information Sciences (Q2); Education (Q3)";"Social Sciences"
117;4700152748;"Journal of Electronic Resources in Medical Libraries";journal;"15424065, 15424073";"Routledge";No;No;0,275;Q2;17;19;48;270;40;48;0,93;14,21;71,43;0;United States;Northern America;"Routledge";"2003-2026";"Library and Information Sciences (Q2); Health (social science) (Q3)";"Social Sciences"
118;21101049621;"Open Information Science";journal;"24511781";"Walter de Gruyter GmbH";Yes;Yes;0,274;Q2;16;17;51;969;78;51;1,43;57,00;30,00;3;Germany;Western Europe;"Walter de Gruyter GmbH";"2017-2026";"Library and Information Sciences (Q2)";"Social Sciences"
119;12492;"Journal of Information Science and Engineering";journal;"10162364";"Institute of Information Science";No;No;0,269;Q2;44;88;249;2378;261;249;1,30;27,02;23,77;0;Taiwan;Asiatic Region;"Institute of Information Science";"1993-1994, 1996-2026";"Library and Information Sciences (Q2); Computational Theory and Mathematics (Q4); Hardware and Architecture (Q4); Human-Computer Interaction (Q4); Software (Q4)";"Computer Science; Social Sciences"
120;4700152796;"Journal of Interlibrary Loan, Document Delivery and Electronic Reserve";journal;"1072303X, 15403572";"Routledge";No;No;0,268;Q2;15;13;21;156;10;21;0,36;12,00;79,49;0;United States;Northern America;"Routledge";"1994, 1996-1997, 2000, 2002-2003, 2005-2021";"Library and Information Sciences (Q2)";"Social Sciences"
121;145258;"Informing Science";journal;"15214672, 15479684";"Informing Science Institute";Yes;No;0,266;Q2;30;8;35;416;44;34;0,89;52,00;50,00;0;United States;Northern America;"Informing Science Institute";"1997-2026";"Library and Information Sciences (Q2)";"Social Sciences"
122;16611;"Serials Review";journal;"00987913";"Taylor and Francis Ltd.";No;No;0,262;Q2;28;44;140;519;74;129;0,62;11,80;60,87;0;United Kingdom;Western Europe;"Taylor and Francis Ltd.";"1973, 1975-2025";"Library and Information Sciences (Q2)";"Social Sciences"
123;19700182210;"Library Leadership and Management";journal;"19458851, 1945886X";"American Library Association";No;No;0,254;Q2;15;11;88;226;25;74;0,20;20,55;70,59;0;United States;Northern America;"American Library Association";"2009-2026";"Library and Information Sciences (Q2); Strategy and Management (Q3)";"Business, Management and Accounting; Social Sciences"
124;4700152802;"Journal of Business and Finance Librarianship";journal;"15470644, 08963568";"Routledge";No;No;0,251;Q2;23;21;48;560;38;48;0,63;26,67;70,83;0;United States;Northern America;"Routledge";"1990-1992, 1994, 1996-2026";"Library and Information Sciences (Q2); Management Information Systems (Q3); Marketing (Q3); E-learning (Q4)";"Business, Management and Accounting; Social Sciences"
125;21100241768;"Preservation, Digital Technology and Culture";journal;"21952965, 21952957";"De Gruyter Saur";No;No;0,251;Q2;15;13;55;506;42;47;0,94;38,92;67,65;0;Germany;Western Europe;"De Gruyter Saur";"2013-2026";"Conservation (Q2); Library and Information Sciences (Q2); Computer Science Applications (Q4)";"Arts and Humanities; Computer Science; Social Sciences"
126;16610;"Serials Librarian";journal;"15411095, 0361526X";"Routledge";No;No;0,245;Q2;22;57;177;0;93;167;0,51;0,00;61,39;0;United States;Northern America;"Routledge";"1977-2026";"Library and Information Sciences (Q2)";"Social Sciences"
127;12085;"American Archivist";journal;"03609081";"Society of American Archivists";No;No;0,244;Q2;37;43;67;355;37;63;0,51;8,26;76,36;3;United States;Northern America;"Society of American Archivists";"1938-2025";"Arts and Humanities (miscellaneous) (Q2); Library and Information Sciences (Q2)";"Arts and Humanities; Social Sciences"
128;14239;"College and Research Libraries News";journal;"21506698, 00990086";"Association of College and Research Libraries";No;No;0,242;Q3;30;90;345;479;112;187;0,29;5,32;81,58;1;United States;Northern America;"Association of College and Research Libraries";"1986-1988, 1990-2026";"Education (Q3); Library and Information Sciences (Q3)";"Social Sciences"
129;5400152654;"Journal of Access Services";journal;"15367967, 15367975";"Routledge";No;No;0,241;Q3;15;18;58;388;30;55;0,67;21,56;57,14;0;United States;Northern America;"Routledge";"2002-2026";"Library and Information Sciences (Q3)";"Social Sciences"
130;16568;"Science and Technology Libraries";journal;"0194262X, 15411109";"Routledge";No;No;0,236;Q3;27;25;80;925;116;79;1,31;37,00;51,16;0;United States;Northern America;"Routledge";"1980-2008, 2010-2026";"Library and Information Sciences (Q3)";"Social Sciences"
131;21100898973;"Journal of Statistics Applications and Probability";journal;"20908423, 20908431";"Natural Sciences Publishing";No;No;0,234;Q3;19;78;119;1798;119;119;0,99;23,05;30,41;0;United States;Northern America;"Natural Sciences Publishing";"2018-2026";"Library and Information Sciences (Q3); Statistical and Nonlinear Physics (Q4); Statistics and Probability (Q4); Statistics, Probability and Uncertainty (Q4)";"Decision Sciences; Mathematics; Physics and Astronomy; Social Sciences"
132;4700152722;"Technical Services Quarterly";journal;"07317131";"Routledge";No;No;0,234;Q3;20;53;191;376;48;186;0,26;7,09;72,92;0;United States;Northern America;"Routledge";"1984-2026";"Library and Information Sciences (Q3); Computer Science Applications (Q4)";"Computer Science; Social Sciences"
133;21100224425;"Informacion, Cultura y Sociedad";journal;"15148327, 18511740";"University of Buenos Aires";Yes;Yes;0,233;Q3;10;19;64;578;30;59;0,57;30,42;67,50;0;Argentina;Latin America;"University of Buenos Aires";"2012-2025";"Library and Information Sciences (Q3)";"Social Sciences"
134;21100201051;"Annals of Library and Information Studies";journal;"09725423, 09752404";"National Institute of Science Communication and Information Resources (NISCAIR)";Yes;Yes;0,231;Q3;19;43;74;1206;101;71;1,31;28,05;39,58;0;India;Asiatic Region;"National Institute of Science Communication and Information Resources (NISCAIR)";"2011-2025";"Library and Information Sciences (Q3); Computer Science Applications (Q4)";"Computer Science; Social Sciences"
135;17900156721;"Journal of Electronic Resources Librarianship";journal;"1941126X, 19411278";"Routledge";No;No;0,228;Q3;18;28;117;484;55;94;0,49;17,29;70,27;0;United States;Northern America;"Routledge";"2008-2025";"Library and Information Sciences (Q3); Information Systems (Q4)";"Computer Science; Social Sciences"
136;21100255068;"Masaryk University Journal of Law and Technology";journal;"18025951, 18025943";"Faculty of Law, Masaryk University";Yes;No;0,228;Q3;10;12;37;536;35;37;0,97;44,67;40,00;0;Czech Republic;Eastern Europe;"Faculty of Law, Masaryk University";"2013-2025";"Law (Q2); Library and Information Sciences (Q3); Computer Science Applications (Q4)";"Computer Science; Social Sciences"
137;4700152770;"Cataloging and Classification Quarterly";journal;"15444554, 01639374";"Routledge";No;No;0,225;Q3;31;46;130;15;75;121;0,42;0,33;57,75;1;United States;Northern America;"Routledge";"1981-2026";"Library and Information Sciences (Q3)";"Social Sciences"
138;21100908544;"Global Intellectual History";journal;"23801883, 23801891";"Taylor and Francis Ltd.";No;No;0,225;Q3;10;43;68;2272;22;60;0,35;52,84;12,20;1;United Kingdom;Western Europe;"Taylor and Francis Ltd.";"2016-2026";"History (Q1); Arts and Humanities (miscellaneous) (Q2); Cultural Studies (Q2); Library and Information Sciences (Q3)";"Arts and Humanities; Social Sciences"
139;21100943572;"Journal of the Canadian Health Libraries Association";journal;"17086892";"Canadian Health Libraries Association";Yes;Yes;0,223;Q3;8;18;36;405;15;20;0,40;22,50;75,68;0;Canada;Northern America;"Canadian Health Libraries Association";"2018-2025";"Library and Information Sciences (Q3); Medicine (miscellaneous) (Q4)";"Medicine; Social Sciences"
140;21100887535;"Collection and Curation";journal;"25149326";"Emerald Group Publishing Ltd.";Yes;No;0,222;Q3;22;17;63;653;55;62;1,12;38,41;43,75;0;United Kingdom;Western Europe;"Emerald Group Publishing Ltd.";"2018-2026";"Museology (Q1); Library and Information Sciences (Q3)";"Arts and Humanities; Social Sciences"
141;21100237436;"Journal of Information and Knowledge Management";journal;"02196492, 17936926";"World Scientific";No;No;0,222;Q3;30;64;165;3278;211;162;1,30;51,22;24,49;0;Singapore;Asiatic Region;"World Scientific";"2002-2026";"Library and Information Sciences (Q3); Computer Networks and Communications (Q4); Computer Science Applications (Q4)";"Computer Science; Social Sciences"
142;25991;"Social Science Information";journal;"05390184, 14617412";"SAGE Publications Ltd";No;No;0,222;Q3;51;40;101;1873;97;91;0,94;46,83;30,91;8;United Kingdom;Western Europe;"SAGE Publications Ltd";"1962-2026";"Library and Information Sciences (Q3); Social Sciences (miscellaneous) (Q3)";"Social Sciences"
143;19700202714;"Journal of Information and Organizational Sciences";journal;"18463312, 18469418";"University of Zagreb, Faculty of Organization and Informatics";Yes;Yes;0,219;Q3;17;29;51;1183;58;45;0,86;40,79;38,98;2;Croatia;Eastern Europe;"University of Zagreb, Faculty of Organization and Informatics";"2006-2025";"Library and Information Sciences (Q3); Computer Science Applications (Q4); Information Systems (Q4)";"Computer Science; Social Sciences"
144;21100778750;"Proceedings of the Association for Information Science and Technology";journal;"23739231";"John Wiley &amp; Sons Inc.";No;No;0,219;Q3;29;162;609;3720;430;609;0,73;22,96;52,74;3;United States;Northern America;"John Wiley &amp; Sons Inc.";"2015-2025";"Computer Science (miscellaneous) (Q3); Library and Information Sciences (Q3)";"Computer Science; Social Sciences"
145;21100259129;"Archives and Manuscripts";journal;"01576895, 21646058";"Australian Society of Archivists";No;No;0,215;Q3;17;15;76;92;52;61;0,79;6,13;68,00;1;Australia;Pacific Region;"Australian Society of Archivists";"2013-2024";"Communication (Q3); Library and Information Sciences (Q3)";"Social Sciences"
146;21100900060;"Tekst, Kniga, Knigoizdaniye";journal;"23062061, 23113774";"Tomsk State University - Faculty of Philology";Yes;No;0,215;Q3;3;26;80;545;7;80;0,09;20,96;78,13;0;Russian Federation;Eastern Europe;"Tomsk State University - Faculty of Philology";"2018-2025";"Visual Arts and Performing Arts (Q1); Communication (Q3); Library and Information Sciences (Q3); Media Technology (Q3); Information Systems (Q4)";"Arts and Humanities; Computer Science; Engineering; Social Sciences"
147;21100925733;"International Journal of Public Administration in the Digital Age";journal;"23344539, 23344520";"IGI Global Publishing";No;No;0,209;Q3;10;12;31;636;28;31;0,90;53,00;40,00;0;United States;Northern America;"IGI Global Publishing";"2019-2021, 2023-2025";"Library and Information Sciences (Q3); Computer Science Applications (Q4); Public Administration (Q4)";"Computer Science; Social Sciences"
148;13360;"Knowledge Organization (discontinued)";journal;"09437444";"International Society for Knowledge Organization";No;No;0,209;Q3;37;33;140;2119;144;134;0,90;64,21;37,10;0;Germany;Western Europe;"International Society for Knowledge Organization";"1993-2024";"Library and Information Sciences (Q3)";"Social Sciences"
149;19400157009;"Investigacion Bibliotecologica";journal;"0187358X, 24488321";"Universidad Nacional Autonoma de Mexico";Yes;Yes;0,208;Q3;16;40;122;1199;66;120;0,64;29,98;52,87;0;Mexico;Latin America;"Universidad Nacional Autonoma de Mexico";"2001, 2008-2025";"Library and Information Sciences (Q3)";"Social Sciences"
150;21100830763;"Journal of Information Science Theory and Practice";journal;"22879099, 22874577";"Korea Institute of Science and Technology Information";Yes;Yes;0,208;Q3;13;24;64;984;64;64;1,00;41,00;30,95;0;South Korea;Asiatic Region;"Korea Institute of Science and Technology Information";"2017-2025";"Information Systems and Management (Q3); Library and Information Sciences (Q3); Information Systems (Q4)";"Computer Science; Decision Sciences; Social Sciences"
151;98245;"Library Resources and Technical Services";journal;"00242527";"American Library Association";Yes;No;0,206;Q3;26;15;55;459;19;45;0,31;30,60;60,00;0;United States;Northern America;"American Library Association";"1978-1979, 1981-1984, 1988-2025";"Library and Information Sciences (Q3); Information Systems (Q4)";"Computer Science; Social Sciences"
152;21100854118;"Wacana";journal;"14112272, 24076899";"Faculty of Humanities, University of Indonesia";Yes;Yes;0,206;Q3;9;39;64;1423;18;55;0,21;36,49;35,85;0;Indonesia;Asiatic Region;"Faculty of Humanities, University of Indonesia";"2015-2025";"Cultural Studies (Q2); Anthropology (Q3); Arts and Humanities (miscellaneous) (Q3); Library and Information Sciences (Q3)";"Arts and Humanities; Social Sciences"
153;21100983214;"Journal of Scientometric Research";journal;"23200057, 23216654";"Phcog.Net";No;No;0,205;Q3;14;59;80;2409;97;78;1,21;40,83;35,25;0;India;Asiatic Region;"Phcog.Net";"2019-2025";"Library and Information Sciences (Q3); Computer Science Applications (Q4); Information Systems (Q4)";"Computer Science; Social Sciences"
154;10700153302;"International Journal of Data Mining and Bioinformatics";journal;"17485681, 17485673";"Inderscience Enterprises Ltd";No;No;0,197;Q3;26;19;102;713;67;102;0,61;37,53;42,11;0;United Kingdom;Western Europe;"Inderscience Enterprises Ltd";"2006-2026";"Biochemistry, Genetics and Molecular Biology (miscellaneous) (Q3); Library and Information Sciences (Q3); Information Systems (Q4)";"Biochemistry, Genetics and Molecular Biology; Computer Science; Social Sciences"
155;15135;"Information Services and Use";journal;"01675265, 18758789";"SAGE Publications Ltd";No;No;0,196;Q3;28;30;110;475;78;104;0,65;15,83;52,83;0;United Kingdom;Western Europe;"SAGE Publications Ltd";"1981-2025";"Library and Information Sciences (Q3); Computer Science Applications (Q4); Information Systems (Q4)";"Computer Science; Social Sciences"
156;21100836108;"Knowledge Cultures";journal;"23756527, 23275731";"Addleton Academic Publishers";No;No;0,193;Q3;19;22;82;875;74;78;1,16;39,77;54,29;0;United States;Northern America;"Addleton Academic Publishers";"2013-2025";"Literature and Literary Theory (Q1); Cultural Studies (Q2); History (Q2); Philosophy (Q2); Law (Q3); Library and Information Sciences (Q3); Sociology and Political Science (Q3); Education (Q4)";"Arts and Humanities; Social Sciences"
157;19700180555;"Vjesnik Bibliotekara Hrvatske";journal;"05071925, 13346938";"Hrvatsko Knjiznicarsko Drustvo";Yes;Yes;0,193;Q3;8;37;117;1087;30;109;0,27;29,38;82,54;2;Croatia;Eastern Europe;"Hrvatsko Knjiznicarsko Drustvo";"2009-2025";"Library and Information Sciences (Q3)";"Social Sciences"
158;21100312401;"Revista Cubana de Informacion en Ciencias de la Salud";journal;"23072113";"Centro Nacional de Informacion de Ciencias Medicas";Yes;Yes;0,189;Q3;17;57;138;1552;86;112;0,75;27,23;61,11;0;Cuba;Latin America;"Centro Nacional de Informacion de Ciencias Medicas";"2013-2026";"Library and Information Sciences (Q3); Health Information Management (Q4); Health Policy (Q4)";"Health Professions; Medicine; Social Sciences"
159;21100241782;"Ibersid";journal;"2174081X, 18880967";"Universidad de Zaragoza, Facultad de Filosofia y Letras";No;No;0,188;Q3;7;15;40;431;16;40;0,35;28,73;46,67;0;Spain;Western Europe;"Universidad de Zaragoza, Facultad de Filosofia y Letras";"2012-2025";"Communication (Q3); Library and Information Sciences (Q3); Computer Networks and Communications (Q4); Information Systems (Q4)";"Computer Science; Social Sciences"
160;11700154713;"Perspectivas em Ciencia da Informacao";journal;"19815344, 14139936";"Escola de Ciencia da Informacao da UFMG";Yes;Yes;0,186;Q3;14;32;139;1054;42;139;0,30;32,94;48,75;0;Brazil;Latin America;"Escola de Ciencia da Informacao da UFMG";"2008-2025";"Museology (Q2); Communication (Q3); Library and Information Sciences (Q3); Information Systems (Q4)";"Arts and Humanities; Computer Science; Social Sciences"
161;4700152804;"Internet Reference Services Quarterly";journal;"15404749, 10875301";"Routledge";No;No;0,184;Q3;24;12;20;294;10;19;0,33;24,50;57,14;0;United States;Northern America;"Routledge";"1996-2002, 2004-2018, 2020-2026";"Library and Information Sciences (Q3); E-learning (Q4)";"Social Sciences"
162;4700152762;"Journal of Archival Organization";journal;"15332748, 15332756";"Routledge";No;No;0,181;Q3;15;8;41;86;17;36;0,52;10,75;54,55;0;United States;Northern America;"Routledge";"2002, 2004-2025";"Library and Information Sciences (Q3)";"Social Sciences"
163;21100448566;"Journal of Information Technology Teaching Cases";journal;"20438869";"Springer International Publishing AG";No;No;0,181;Q3;15;7;49;178;40;49;0,75;25,43;31,25;0;Switzerland;Western Europe;"Springer International Publishing AG";"2014-2026";"Library and Information Sciences (Q3); Education (Q4)";"Social Sciences"
164;19700182724;"Revista General de Informacion y Documentacion";journal;"19882858, 11321873";"Universidad Complutense Madrid";Yes;Yes;0,179;Q3;10;39;81;1354;53;81;0,12;34,72;47,76;2;Spain;Western Europe;"Universidad Complutense Madrid";"2009-2025";"Library and Information Sciences (Q3)";"Social Sciences"
165;15416;"Computers in Libraries";trade journal;"10417915";"Information Today";No;No;0,177;Q3;20;38;176;46;20;41;0,09;1,21;75,00;0;United States;Northern America;"Information Today";"1996-2026";"Library and Information Sciences (Q3); Computer Science (miscellaneous) (Q4)";"Computer Science; Social Sciences"
166;4700152734;"Journal of Hospital Librarianship";journal;"15323277, 15323269";"Routledge";No;No;0,175;Q3;16;37;114;698;45;101;0,34;18,86;63,08;0;United Kingdom;Western Europe;"Routledge";"2001-2026";"Library and Information Sciences (Q3); Medicine (miscellaneous) (Q4)";"Medicine; Social Sciences"
167;21100815354;"JLIS.it";journal;"20381026, 20385366";"Universita di Firenze, Dipartimento di Storia, Archeologia, Geografia, Arte e Spettacolo";Yes;Yes;0,174;Q3;11;43;105;587;43;103;0,40;13,65;56,25;1;Italy;Western Europe;"Universita di Firenze, Dipartimento di Storia, Archeologia, Geografia, Arte e Spettacolo";"2017-2026";"Conservation (Q2); Library and Information Sciences (Q3); Computer Science Applications (Q4)";"Arts and Humanities; Computer Science; Social Sciences"
168;21101039230;"International Journal of Information, Diversity and Inclusion";journal;"25743430";"University of Hawaii at Manoa";Yes;Yes;0,172;Q3;11;39;46;1792;39;41;0,85;45,95;61,02;1;United States;Northern America;"University of Hawaii at Manoa";"2019-2025";"Library and Information Sciences (Q3); Social Sciences (miscellaneous) (Q3)";"Social Sciences"
169;21100245913;"Bilgi Dunyasi";journal;"13023217, 2148354X";"University and Research Librarians Association (UNAK)";Yes;Yes;0,160;Q3;7;13;40;692;14;39;0,19;53,23;50,00;0;Turkey;Middle East;"University and Research Librarians Association (UNAK)";"2013-2025";"Library and Information Sciences (Q3)";"Social Sciences"
170;145292;"Development and Learning in Organizations";journal;"14777282";"Emerald Group Publishing Ltd.";No;No;0,158;Q3;26;93;230;253;98;215;0,49;2,72;34,04;0;United Kingdom;Western Europe;"Emerald Group Publishing Ltd.";"2003-2026";"Library and Information Sciences (Q3); Organizational Behavior and Human Resource Management (Q4)";"Business, Management and Accounting; Social Sciences"
171;5800208091;"Information Design Journal";journal;"01425471, 1569979X";"John Benjamins Publishing Company";No;No;0,154;Q3;24;16;54;694;21;41;0,53;43,38;55,88;2;Netherlands;Western Europe;"John Benjamins Publishing Company";"1979-1984, 1986-1987, 1989-1991, 1993-1996, 1998, 2000-2011, 2013-2014, 2016-2019, 2021-2026";"Library and Information Sciences (Q3)";"Social Sciences"
172;21100791249;"Pakistan Journal of Information Management and Libraries";journal;"24097462";"University of the Punjab";Yes;No;0,154;Q3;13;5;17;240;11;16;0,40;48,00;36,36;0;Pakistan;Asiatic Region;"University of the Punjab";"2014-2024";"Library and Information Sciences (Q3); Computer Science Applications (Q4)";"Computer Science; Social Sciences"
173;21100945165;"Acta Informatica Pragensia";journal;"18054951";"";Yes;Yes;0,153;Q3;12;22;20;1148;24;19;1,20;52,18;31,37;1;Czech Republic;Eastern Europe;"";"2019-2025";"Library and Information Sciences (Q3); Computer Science Applications (Q4); Information Systems (Q4); Management Information Systems (Q4)";"Business, Management and Accounting; Computer Science; Social Sciences"
174;21100942831;"Bibliotecas, Anales de Investigacion";journal;"16838947, 0006176X";"Biblioteca Nacional de Cuba Jose Marti";Yes;Yes;0,150;Q3;9;11;53;252;22;48;0,42;22,91;62,50;0;Cuba;Latin America;"Biblioteca Nacional de Cuba Jose Marti";"2019-2025";"Library and Information Sciences (Q3)";"Social Sciences"
175;19400156823;"Issues in Science and Technology Librarianship";journal;"10921206";"Association of College and Research Libraries";Yes;Yes;0,149;Q3;24;23;66;401;28;58;0,44;17,43;71,79;1;United States;Northern America;"Association of College and Research Libraries";"1996-2026";"Library and Information Sciences (Q3); Engineering (miscellaneous) (Q4)";"Engineering; Social Sciences"
176;19700182685;"Journal of Library Metadata";journal;"19375034, 19386389";"Taylor and Francis Ltd.";No;No;0,149;Q3;19;3;35;58;23;34;0,72;19,33;60,00;0;United Kingdom;Western Europe;"Taylor and Francis Ltd.";"2008-2026";"Library and Information Sciences (Q3); E-learning (Q4)";"Social Sciences"
177;14000156125;"Language Documentation and Conservation";journal;"19345275";"University of Hawaii Press";Yes;Yes;0,149;Q3;16;36;122;1908;80;122;0,59;53,00;63,77;0;United States;Northern America;"University of Hawaii Press";"2016-2025";"Library and Information Sciences (Q3); Linguistics and Language (Q3); Computer Science Applications (Q4)";"Computer Science; Social Sciences"
178;21100200830;"International Journal of Information Science and Management";journal;"20088310, 20088302";"Regional Information Center for Science and Technology";Yes;Yes;0,148;Q3;16;26;64;918;32;64;0,45;35,31;34,92;0;Iran;Middle East;"Regional Information Center for Science and Technology";"2008-2025";"Library and Information Sciences (Q3); Information Systems and Management (Q4); Management Information Systems (Q4); Statistics, Probability and Uncertainty (Q4)";"Business, Management and Accounting; Decision Sciences; Social Sciences"
179;21100226830;"BiD";journal;"15755886";"Universitat de Barcelona";Yes;Yes;0,146;Q3;9;24;122;598;24;122;0,10;24,92;54,84;0;Spain;Western Europe;"Universitat de Barcelona";"2012-2025";"Library and Information Sciences (Q3)";"Social Sciences"
180;21100346235;"AIB Studi";journal;"22396152, 22809112";"Associazione Italiana Biblioteche";Yes;Yes;0,145;Q3;7;50;85;902;24;77;0,24;18,04;50,94;0;Italy;Western Europe;"Associazione Italiana Biblioteche";"2014-2025";"Library and Information Sciences (Q3)";"Social Sciences"
181;13964;"Library";journal;"17448581, 00242160";"Oxford University Press";No;No;0,145;Q3;19;25;45;800;6;41;0,04;32,00;26,32;0;United Kingdom;Western Europe;"Oxford University Press";"1889-1899, 1901-2025";"Arts and Humanities (miscellaneous) (Q3); Library and Information Sciences (Q3)";"Arts and Humanities; Social Sciences"
182;21100834359;"Methis";journal;"17366852, 22284745";"University of Tartu Press";Yes;Yes;0,145;Q3;5;15;57;496;6;43;0,13;33,07;56,25;0;Estonia;Eastern Europe;"University of Tartu Press";"2017-2025";"Literature and Literary Theory (Q1); Cultural Studies (Q2); Visual Arts and Performing Arts (Q2); Library and Information Sciences (Q3)";"Arts and Humanities; Social Sciences"
183;4000152101;"Advances in Library Administration and Organization";book series;"07320671";"Emerald Group Publishing Ltd.";No;No;0,142;Q3;10;14;48;334;19;19;0,50;23,86;0,00;0;United Kingdom;Western Europe;"Emerald Group Publishing Ltd.";"2000-2002, 2004-2012, 2014-2022, 2025-2026";"Library and Information Sciences (Q3); Public Administration (Q4)";"Social Sciences"
184;19600166417;"Script and Print";journal;"18349013";"Australian and New Zealand Student Services Association";No;No;0,142;Q3;5;13;34;0;1;14;0,04;0,00;20,00;0;Australia;Pacific Region;"Australian and New Zealand Student Services Association";"2008-2022";"Literature and Literary Theory (Q1); Visual Arts and Performing Arts (Q2); Library and Information Sciences (Q3)";"Arts and Humanities; Social Sciences"
185;21100898016;"Digital Humanities Quarterly";journal;"19384122";"Alliance of Digital Humanities Organisations";Yes;Yes;0,140;Q3;15;66;150;2644;81;145;0,55;40,06;40,36;0;United States;Northern America;"Alliance of Digital Humanities Organisations";"2018-2025";"Arts and Humanities (miscellaneous) (Q3); Communication (Q3); Library and Information Sciences (Q3); Computer Networks and Communications (Q4)";"Arts and Humanities; Computer Science; Social Sciences"
186;21100805737;"IC Revista Cientifica de Informacion y Comunicacion";journal;"21731071, 16962508";"Departamento de Periodismo I de la Universidad de Sevilla.";Yes;Yes;0,140;Q3;5;22;45;870;8;44;0,23;39,55;52,63;0;Spain;Western Europe;"Departamento de Periodismo I de la Universidad de Sevilla.";"2016-2025";"Cultural Studies (Q2); Communication (Q3); Library and Information Sciences (Q3); Linguistics and Language (Q3)";"Social Sciences"
187;17500155021;"Grey Journal";journal;"1574180X, 15741796";"GreyNet";No;No;0,139;Q3;8;0;88;0;41;74;0,66;0,00;0,00;0;Netherlands;Western Europe;"GreyNet";"2009-2020, 2022-2024";"Library and Information Sciences (Q3)";"Social Sciences"
188;21100886541;"Knygotyra";journal;"23450053, 02042061";"Vilnius University";Yes;Yes;0,139;Q3;4;25;77;943;9;74;0,09;37,72;65,38;0;Lithuania;Eastern Europe;"Vilnius University";"2018-2025";"Literature and Literary Theory (Q2); Communication (Q3); Library and Information Sciences (Q3)";"Arts and Humanities; Social Sciences"
189;21101038721;"Data Analysis and Knowledge Discovery";journal;"20963467";"Chinese Academy of Sciences";No;No;0,138;Q4;17;147;293;5018;207;293;0,71;34,14;34,36;0;China;Asiatic Region;"Chinese Academy of Sciences";"2019-2025";"Artificial Intelligence (Q4); Computer Science Applications (Q4); Information Systems (Q4); Library and Information Sciences (Q4)";"Computer Science; Social Sciences"
190;21100916534;"Journal of Library and Information Studies";journal;"16067509, 23099119";"National Taiwan University, Department of Library and Information Science";Yes;Yes;0,136;Q4;4;14;24;515;9;24;0,38;36,79;43,48;0;Taiwan;Asiatic Region;"National Taiwan University, Department of Library and Information Science";"2019-2025";"Library and Information Sciences (Q4)";"Social Sciences"
191;21101039156;"Encontros Bibli";journal;"15182924";"Universidade Federal de Santa Catarina";Yes;Yes;0,133;Q4;10;49;100;1476;19;95;0,19;30,12;55,83;2;Brazil;Latin America;"Universidade Federal de Santa Catarina";"2019-2025";"Information Systems (Q4); Library and Information Sciences (Q4); Management Information Systems (Q4)";"Business, Management and Accounting; Computer Science; Social Sciences"
192;17800156797;"VOEB-Mitteilungen";journal;"10222588, 27914011";"Vereinigung Osterreichischer Bibliothekarinnen und Bibliothekare";Yes;Yes;0,133;Q4;6;19;153;130;35;142;0,23;6,84;46,43;0;Austria;Western Europe;"Vereinigung Osterreichischer Bibliothekarinnen und Bibliothekare";"2009-2025";"Library and Information Sciences (Q4)";"Social Sciences"
193;300147004;"Journal of Educational Media and Library Sciences";journal;"1013090X";"Tamkang University";Yes;Yes;0,132;Q4;10;13;45;445;16;39;0,32;34,23;47,83;0;Taiwan;Asiatic Region;"Tamkang University";"2005-2025";"Archeology (arts and humanities) (Q3); Conservation (Q3); Information Systems (Q4); Library and Information Sciences (Q4)";"Arts and Humanities; Computer Science; Social Sciences"
194;19700182410;"African Journal of Library Archives and Information Science";journal;"07954778";"Archlib and Information Services Ltd";No;No;0,130;Q4;16;18;23;598;9;23;0,35;33,22;26,67;0;Nigeria;Africa;"Archlib and Information Services Ltd";"2008-2012, 2014-2025";"Library and Information Sciences (Q4)";"Social Sciences"
195;21101048046;"Information and Culture";journal;"21663033, 21648034";"University of Texas Press";No;No;0,130;Q4;17;13;46;1388;13;45;0,21;106,77;37,50;0;United States;Northern America;"University of Texas Press";"2012-2025";"History (Q2); Conservation (Q3); Library and Information Sciences (Q4)";"Arts and Humanities; Social Sciences"
196;21100820204;"Manuscripta Orientalia";journal;"24153613, 12385018";"Thesa Publishers";No;No;0,130;Q4;4;15;51;352;13;50;0,28;23,47;42,11;0;Russian Federation;Eastern Europe;"Thesa Publishers";"2016-2025";"Literature and Literary Theory (Q2); Cultural Studies (Q3); Linguistics and Language (Q3); Library and Information Sciences (Q4)";"Arts and Humanities; Social Sciences"
197;21100888590;"Revista Interamericana de Bibliotecologia";journal;"25389866, 01200976";"Escuela Interamericana de Bibliotecologia";Yes;Yes;0,130;Q4;12;18;82;460;18;78;0,31;25,56;45,24;1;Colombia;Latin America;"Escuela Interamericana de Bibliotecologia";"2000-2026";"Library and Information Sciences (Q4)";"Social Sciences"
198;21100808441;"Teorie Vedy / Theory of Science";journal;"12100250, 18046347";"Czech Academy of Sciences";Yes;Yes;0,126;-;7;11;39;454;8;32;0,18;41,27;9,09;0;Czech Republic;Eastern Europe;"Czech Academy of Sciences";"2010-2025";"History and Philosophy of Science (Q4)";"Arts and Humanities"
199;21100427626;"East Asian Publishing and Society";journal;"22106278, 22106286";"Brill Academic Publishers";No;No;0,125;Q4;5;5;15;289;4;15;0,11;57,80;33,33;0;Netherlands;Western Europe;"Brill Academic Publishers";"2011-2025";"Media Technology (Q3); Communication (Q4); Library and Information Sciences (Q4)";"Engineering; Social Sciences"
200;13399;"Law Library Journal";journal;"00239283";"American Association of Law Libraries";No;No;0,125;Q4;20;10;46;1514;14;44;0,21;151,40;66,67;0;United States;Northern America;"American Association of Law Libraries";"1978, 1987-2025";"Law (Q4); Library and Information Sciences (Q4)";"Social Sciences"
201;23018;"Logos (The Netherlands)";journal;"18784712, 09579656";"Brill Academic Publishers";No;No;0,125;Q4;9;19;61;317;12;49;0,24;16,68;62,50;0;Netherlands;Western Europe;"Brill Academic Publishers";"1994, 1996-2025";"Literature and Literary Theory (Q2); Media Technology (Q3); Communication (Q4); Computer Science Applications (Q4); Education (Q4); Library and Information Sciences (Q4)";"Arts and Humanities; Computer Science; Engineering; Social Sciences"
202;4700152422;"Journal of Map and Geography Libraries";journal;"15420353, 15420361";"Routledge";No;No;0,123;Q4;17;15;37;692;13;30;0,33;46,13;50,00;0;United States;Northern America;"Routledge";"2004-2026";"Library and Information Sciences (Q4)";"Social Sciences"
203;21100936713;"Manuscript Studies";journal;"23801190, 23815329";"University of Pennsylvania Press";Yes;No;0,123;Q4;7;13;48;734;16;48;0,19;56,46;34,29;0;United States;Northern America;"University of Pennsylvania Press";"2016-2025";"Literature and Literary Theory (Q2); Conservation (Q3); Library and Information Sciences (Q4)";"Arts and Humanities; Social Sciences"
204;14076;"Libres";journal;"10586768";"Nanyang Technological University";Yes;Yes;0,121;Q4;16;11;16;435;8;16;0,40;39,55;42,86;0;Singapore;Asiatic Region;"Nanyang Technological University";"1996-2025";"Library and Information Sciences (Q4)";"Social Sciences"
205;5900152801;"Art Documentation";journal;"21619417, 07307187";"University of Chicago Press";No;No;0,118;Q4;9;23;58;89;8;57;0,18;3,87;80,00;0;United States;Northern America;"University of Chicago Press";"2015-2025";"Visual Arts and Performing Arts (Q2); Archeology (arts and humanities) (Q3); Library and Information Sciences (Q4)";"Arts and Humanities; Social Sciences"
206;14773;"Information-Wissenschaft und Praxis";journal;"14344653, 16194292";"De Gruyter Saur";No;No;0,115;Q4;10;39;131;632;11;126;0,10;16,21;48,00;0;Germany;Western Europe;"De Gruyter Saur";"1997-2026";"Information Systems (Q4); Library and Information Sciences (Q4)";"Computer Science; Social Sciences"
207;21100222537;"Intelligent Systems Reference Library";book series;"18684394, 18684408";"Springer Science + Business Media";No;No;0,115;Q4;49;321;725;13329;665;2;1,01;41,52;0,00;0;United States;Northern America;"Springer Science + Business Media";"2009-2026";"Computer Science (miscellaneous) (Q4); Information Systems and Management (Q4); Library and Information Sciences (Q4)";"Computer Science; Decision Sciences; Social Sciences"
208;21100407264;"Library of the Written Word";book series;"18744842, 18744834";"Brill Academic Publishers";No;No;0,115;Q4;13;58;130;4844;11;8;0,13;83,52;0,00;0;Netherlands;Western Europe;"Brill Academic Publishers";"2007-2026";"Visual Arts and Performing Arts (Q2); History (Q3); Communication (Q4); Library and Information Sciences (Q4)";"Arts and Humanities; Social Sciences"
209;13413;"Legal Reference Services Quarterly";journal;"0270319X, 1540949X";"Taylor and Francis Ltd.";No;No;0,114;Q4;10;6;32;0;7;32;0,35;0,00;80,00;0;United States;Northern America;"Taylor and Francis Ltd.";"1981-2026";"Law (Q4); Library and Information Sciences (Q4)";"Social Sciences"
210;6000167588;"Archives";journal;"00039535";"British Records Association";No;No;0,113;Q4;4;6;27;234;5;26;0,22;39,00;20,00;0;United Kingdom;Western Europe;"British Records Association";"2011-2025";"History (Q3); Library and Information Sciences (Q4)";"Arts and Humanities; Social Sciences"
211;12810;"Journal of Information Ethics";journal;"10619321";"McFarland and Company, Inc";No;No;0,113;Q4;13;9;13;110;2;10;0,17;12,22;14,29;0;United States;Northern America;"McFarland and Company, Inc";"1992, 1994, 1996-2019, 2021-2025";"Philosophy (Q3); Library and Information Sciences (Q4)";"Arts and Humanities; Social Sciences"
212;21100901898;"Revista Digital de Biblioteconomia e Ciencia da Informacao";journal;"1678765X";"Universidade Estadual de Campinas UNICAMP";Yes;Yes;0,113;Q4;7;34;121;1188;15;120;0,09;34,94;54,17;0;Brazil;Latin America;"Universidade Estadual de Campinas UNICAMP";"2018-2026";"Education (Q4); Information Systems (Q4); Library and Information Sciences (Q4); Public Administration (Q4)";"Computer Science; Social Sciences"
213;21100805799;"Boletim do Arquivo da Universidade de Coimbra";journal;"21827974, 08725632";"Imprensa da Universidade de Coimbra";Yes;Yes;0,112;Q4;4;12;24;265;2;21;0,07;22,08;50,00;1;Portugal;Western Europe;"Imprensa da Universidade de Coimbra";"2016-2025";"Conservation (Q3); Library and Information Sciences (Q4)";"Arts and Humanities; Social Sciences"
214;23739;"Quaerendo";journal;"00149527, 15700690";"Brill Academic Publishers";No;No;0,112;Q4;10;14;43;669;7;40;0,15;47,79;66,67;0;Netherlands;Western Europe;"Brill Academic Publishers";"1971-1979, 1981-1985, 1987-2025";"History (Q3); Library and Information Sciences (Q4)";"Arts and Humanities; Social Sciences"
215;12881;"Behavioral and Social Sciences Librarian";journal;"01639269, 15444546";"Routledge";No;No;0,110;Q4;19;0;0;0;0;0;0,00;0,00;0,00;0;United States;Northern America;"Routledge";"1979-2002, 2004-2017";"Library and Information Sciences (Q4); Social Sciences (miscellaneous) (Q4)";"Social Sciences"
216;21101047909;"Moderna Arhivistika";journal;"25910884";"Maribor Provincial Archives";No;No;0,110;Q4;3;18;80;342;2;80;0,00;19,00;53,33;0;Slovenia;Eastern Europe;"Maribor Provincial Archives";"2018-2025";"Library and Information Sciences (Q4); Public Administration (Q4)";"Social Sciences"
217;4700152746;"Music Reference Services Quarterly";journal;"10588167, 15409503";"Routledge";No;No;0,110;Q4;11;14;51;2;13;43;0,16;0,14;71,43;0;United States;Northern America;"Routledge";"1992-1998, 2001-2002, 2004-2026";"Music (Q3); Library and Information Sciences (Q4)";"Arts and Humanities; Social Sciences"
218;23808;"Scriptorium";journal;"00369772";"Centre d'Etude des Manuscrits";No;No;0,110;Q4;11;16;39;977;5;39;0,14;61,06;53,85;0;Belgium;Western Europe;"Centre d'Etude des Manuscrits";"1972, 1975, 1977-1979, 1982, 1984-1985, 1987, 1997, 2002-2023";"Visual Arts and Performing Arts (Q3); Library and Information Sciences (Q4)";"Arts and Humanities; Social Sciences"
219;14760;"Zeitschrift fur Bibliothekswesen und Bibliographie";journal;"18642950, 00442380";"Vittorio Klostermann";No;No;0,110;Q4;6;34;112;684;7;106;0,06;20,12;52,27;0;Germany;Western Europe;"Vittorio Klostermann";"1969, 1988-2025";"Library and Information Sciences (Q4)";"Social Sciences"
220;5000154508;"Ciencia da Informacao";journal;"15188353, 01001965";"Brazilian Institute for Information in Science and Technology";Yes;Yes;0,109;Q4;18;45;177;507;17;166;0,07;11,27;39,39;0;Brazil;Latin America;"Brazilian Institute for Information in Science and Technology";"2006-2025";"Library and Information Sciences (Q4)";"Social Sciences"
221;21100944123;"Comma";journal;"20493355, 16801865";"Liverpool University Press";No;No;0,106;Q4;3;19;43;466;7;42;0,16;24,53;50,00;0;United Kingdom;Western Europe;"Liverpool University Press";"2019-2023";"Conservation (Q3); Library and Information Sciences (Q4)";"Arts and Humanities; Social Sciences"
222;13412;"Lecture Notes in Control and Information Sciences";book series;"16107411, 01708643";"Springer Science and Business Media Deutschland GmbH";No;No;0,106;Q4;60;36;172;1212;75;26;0,44;33,67;0,00;0;Germany;Western Europe;"Springer Science and Business Media Deutschland GmbH";"1982-1986, 1988, 1990-1991, 1993, 1996, 2005-2026";"Library and Information Sciences (Q4)";"Social Sciences"
223;21101030206;"Revista de Cancioneros Impresos y Manuscritos";journal;"22547444";"Universidad de Alicante";Yes;Yes;0,105;Q4;3;8;12;496;3;12;0,25;62,00;50,00;0;Spain;Western Europe;"Universidad de Alicante";"2017, 2019-2026";"Literature and Literary Theory (Q3); Library and Information Sciences (Q4); Linguistics and Language (Q4)";"Arts and Humanities; Social Sciences"
224;21101040634;"Comparative Oriental Manuscript Studies Bulletin";journal;"24100951";"Universitat Hamburg";Yes;Yes;0,104;Q4;5;15;16;469;8;16;0,50;31,27;44,44;0;Germany;Western Europe;"Universitat Hamburg";"2019-2024";"Literature and Literary Theory (Q3); Conservation (Q4); Library and Information Sciences (Q4); Linguistics and Language (Q4)";"Arts and Humanities; Social Sciences"
225;19900195027;"International Journal of the Book";journal;"14479567, 14479516";"Common Ground Research Networks";No;No;0,104;Q4;0;0;0;0;0;0;0,00;0,00;0,00;0;United States;Northern America;"Common Ground Research Networks";"2011-2019";"History (Q3); Literature and Literary Theory (Q3); Communication (Q4); Library and Information Sciences (Q4)";"Arts and Humanities; Social Sciences"
226;14115;"Canadian Journal of Information and Library Science";journal;"19207239, 1195096X";"Canadian Association for Information Science";No;No;0,103;Q4;23;16;25;818;7;23;0,30;51,13;59,09;0;Canada;Northern America;"Canadian Association for Information Science";"1993-2022";"Information Systems (Q4); Library and Information Sciences (Q4)";"Computer Science; Social Sciences"
227;4700152768;"EContent";trade journal;"15252531";"Online Inc.";No;No;0,103;Q4;10;0;124;0;6;10;0,08;0,00;0,00;0;United States;Northern America;"Online Inc.";"1999-2019";"Information Systems (Q4); Library and Information Sciences (Q4)";"Computer Science; Social Sciences"
228;21100945772;"In Monte Artium";journal;"20313098, 25070312";"OpenEditions Journals";No;No;0,103;Q4;2;3;10;30;1;10;0,10;10,00;20,00;0;France;Western Europe;"OpenEditions Journals";"2019-2021, 2023, 2025";"Literature and Literary Theory (Q3); Music (Q3); Arts and Humanities (miscellaneous) (Q4); History (Q4); Library and Information Sciences (Q4)";"Arts and Humanities; Social Sciences"
229;21100268077;"Analecta Hibernica";book series;"07916167";"The Irish Manuscripts Commission Ltd.";No;No;0,102;Q4;3;0;14;0;0;14;0,00;0,00;0,00;0;Ireland;Western Europe;"The Irish Manuscripts Commission Ltd.";"2011-2013, 2015, 2017-2020, 2022";"History (Q4); Library and Information Sciences (Q4)";"Arts and Humanities; Social Sciences"
230;17600155217;"Document Numerique";journal;"19631014, 12795127";"Lavoisier";No;No;0,102;Q4;8;0;24;0;2;22;0,00;0,00;0,00;0;France;Western Europe;"Lavoisier";"2001-2004, 2006-2016, 2018-2019";"Library and Information Sciences (Q4)";"Social Sciences"
231;13970;"Library and Information Science";journal;"03734447";"Mita Society for Library and Information Science";No;No;0,102;Q4;6;5;13;132;0;13;0,00;26,40;56,25;0;Japan;Asiatic Region;"Mita Society for Library and Information Science";"1980-2025";"Library and Information Sciences (Q4)";"Social Sciences"
232;12100156499;"Notes";journal;"1534150X, 00274380";"Music Library Association";Yes;No;0,102;Q4;14;13;38;529;4;36;0,14;40,69;43,75;0;United States;Northern America;"Music Library Association";"1978, 2002-2026";"Library and Information Sciences (Q4); Music (Q4)";"Arts and Humanities; Social Sciences"
233;21101030341;"Proceedings from the Document Academy";journal;"2473215X";"University of Akron";Yes;Yes;0,102;Q4;5;16;29;292;5;27;0,17;18,25;42,86;0;United States;Northern America;"University of Akron";"2019-2025";"Conservation (Q4); Library and Information Sciences (Q4)";"Arts and Humanities; Social Sciences"
234;14096;"Transactions of the Cambridge Bibliographical Society";journal;"00686611";"Cambridge Bibliographical Society";No;No;0,102;Q4;6;6;15;383;1;14;0,07;63,83;20,00;0;United Kingdom;Western Europe;"Cambridge Bibliographical Society";"1971, 1979-1980, 1982, 1988, 2002-2011, 2013-2017, 2019-2021";"Literature and Literary Theory (Q3); Library and Information Sciences (Q4)";"Arts and Humanities; Social Sciences"
235;20500195100;"Tuna";journal;"14064030";"National Archives of Estonia";No;No;0,102;Q4;5;54;148;193;8;48;0,06;3,57;20,00;0;Estonia;Eastern Europe;"National Archives of Estonia";"2011-2014, 2017-2025";"History (Q4); Library and Information Sciences (Q4)";"Arts and Humanities; Social Sciences"
236;21100373617;"Biblios";journal;"15624730";"University Library System, University of Pittsburgh";Yes;Yes;0,101;Q4;7;16;60;370;9;60;0,03;23,13;47,73;0;United States;Northern America;"University Library System, University of Pittsburgh";"2013-2025";"Library and Information Sciences (Q4)";"Social Sciences"
237;21100936586;"Book History";journal;"10987371, 15291499";"Johns Hopkins University Press";No;No;0,101;Q4;6;17;24;91;8;21;0,33;5,35;78,57;0;United States;Northern America;"Johns Hopkins University Press";"2019-2025";"Conservation (Q4); History (Q4); Library and Information Sciences (Q4)";"Arts and Humanities; Social Sciences"
238;5800224021;"Bulletin des Bibliotheques de France";journal;"00062006, 12928399";"Ecole Nationale Superieure des Sciences de l'Information et des Bibliotheques";Yes;No;0,101;Q4;3;19;73;19;0;26;0,00;1,00;65,22;0;France;Western Europe;"Ecole Nationale Superieure des Sciences de l'Information et des Bibliotheques";"2012-2025";"Library and Information Sciences (Q4)";"Social Sciences"
239;15689;"Bulletin of the John Rylands Library";journal;"20549326, 20549318";"Manchester University Press";No;No;0,101;Q4;8;19;32;986;2;32;0,09;51,89;21,05;0;United Kingdom;Western Europe;"Manchester University Press";"1946-1948, 1971-1972, 1990, 1999, 2002-2006, 2012, 2014-2025";"Arts and Humanities (miscellaneous) (Q4); Library and Information Sciences (Q4)";"Arts and Humanities; Social Sciences"
240;6500153237;"Fontes Artis Musicae";journal;"00156191";"Music Library Association";No;No;0,101;Q4;7;17;45;267;3;44;0,06;15,71;61,11;0;United States;Northern America;"Music Library Association";"2002-2025";"Library and Information Sciences (Q4); Music (Q4)";"Arts and Humanities; Social Sciences"
241;21100942399;"IAFOR Journal of Literature and Librarianship";journal;"21870608";"The International Academic Forum (IAFOR)";Yes;Yes;0,101;Q4;4;14;23;383;1;23;0,04;27,36;57,89;0;Japan;Asiatic Region;"The International Academic Forum (IAFOR)";"2019-2025";"Literature and Literary Theory (Q3); Library and Information Sciences (Q4)";"Arts and Humanities; Social Sciences"
242;21101048513;"Manuscript and Book Heritage of Ukraine";journal;"22224203";"Vernadsky National Library of Ukraine";Yes;Yes;0,101;Q4;5;22;41;38;1;41;0,02;1,73;61,29;0;Ukraine;Eastern Europe;"Vernadsky National Library of Ukraine";"2020-2026";"History (Q4); Library and Information Sciences (Q4)";"Arts and Humanities; Social Sciences"
243;16096;"Notes and Queries";journal;"00293970, 14716941";"Oxford University Press";No;No;0,101;Q4;11;153;448;2401;35;270;0,07;15,69;35,53;0;United Kingdom;Western Europe;"Oxford University Press";"1849-2025";"Library and Information Sciences (Q4); Linguistics and Language (Q4); Literature and Literary Theory (Q4)";"Arts and Humanities; Social Sciences"
244;19400156821;"Papers of the Bibliographical Society of America";journal;"23776528, 0006128X";"Bibliographical Society of America";No;No;0,101;Q4;9;16;37;94;10;29;0,20;5,88;31,25;0;United States;Northern America;"Bibliographical Society of America";"1941, 1947, 1969-1972, 1975, 1979, 1989, 1993, 1995-1996, 2004-2005, 2008-2025";"Library and Information Sciences (Q4); Literature and Literary Theory (Q4)";"Arts and Humanities; Social Sciences"
245;21100867474;"Przeglad Archiwalny Instytutu Pamieci Narodowej";journal;"18991254";"Instytut Pamieci Narodowej w Polsce";No;No;0,101;Q4;2;19;51;663;0;50;0,00;34,89;25,00;0;Poland;Eastern Europe;"Instytut Pamieci Narodowej w Polsce";"2016-2024";"Conservation (Q4); History (Q4); Library and Information Sciences (Q4)";"Arts and Humanities; Social Sciences"
246;21100205109;"Scire";journal;"11353716";"Facultad de Filosofia y Letras - Universidad de Zaragoza";Yes;No;0,101;Q4;7;13;39;394;2;39;0,08;30,31;46,15;0;Spain;Western Europe;"Facultad de Filosofia y Letras - Universidad de Zaragoza";"2011-2024";"Communication (Q4); Library and Information Sciences (Q4)";"Social Sciences"
247;4700152752;"Slavic and East European Information Resources";journal;"15229041, 15228886";"Routledge";No;No;0,101;Q4;6;23;56;0;7;46;0,11;0,00;40,00;1;United States;Northern America;"Routledge";"2001-2026";"Library and Information Sciences (Q4); Linguistics and Language (Q4)";"Social Sciences"
248;21100897266;"Bibliothecae.it";journal;"22807934, 22839364";"Universita di Bologna, Dipartimento di Beni Culturali, Alma Mater Studiorum";Yes;Yes;0,100;Q4;4;33;83;1091;4;78;0,04;33,06;56,82;0;Italy;Western Europe;"Universita di Bologna, Dipartimento di Beni Culturali, Alma Mater Studiorum";"2018-2025";"History (Q4); Information Systems (Q4); Library and Information Sciences (Q4)";"Arts and Humanities; Computer Science; Social Sciences"
249;21100237620;"Gazette des Archives";journal;"00165522";"Association des archivistes francais (AAF)";No;No;0,100;Q4;4;46;206;444;1;194;0,01;9,65;54,39;0;France;Western Europe;"Association des archivistes francais (AAF)";"1976, 2012-2025";"History (Q4); Library and Information Sciences (Q4)";"Arts and Humanities; Social Sciences"
250;21100914959;"Indexer";journal;"17560632, 00194131";"Liverpool University Press";No;No;0,100;Q4;6;32;74;246;25;65;0,34;7,69;52,17;0;United Kingdom;Western Europe;"Liverpool University Press";"2019-2025";"Arts and Humanities (miscellaneous) (Q4); Library and Information Sciences (Q4)";"Arts and Humanities; Social Sciences"
251;21101196739;"Acervo";journal;"22378723, 0102700X";"Arquivo Nacional";Yes;Yes;;-;2;66;72;1767;6;57;0,08;26,77;46,38;0;Brazil;Latin America;"Arquivo Nacional";"2019-2025";"History; Library and Information Sciences";"Arts and Humanities; Social Sciences"
252;21101114008;"Anuario Electronico de Estudios en Comunicacion Social Disertaciones";journal;"18569536";"Universidad del Rosario";Yes;Yes;;-;5;26;44;798;4;39;0,09;30,69;58,97;0;Colombia;Latin America;"Universidad del Rosario";"2019-2026";"Communication; Library and Information Sciences";"Social Sciences"
253;21101363748;"Archeion";journal;"00666041, 26581264";"The State Archives Head Office";Yes;No;;-;3;19;0;523;0;0;0,00;27,53;35,00;0;Poland;Eastern Europe;"The State Archives Head Office";"2021-2025";"History; Library and Information Sciences; Public Administration";"Arts and Humanities; Social Sciences"
254;21101250406;"Arhivski Vjesnik";journal;"05709008, 18483143";"";No;No;;-;3;11;9;284;2;8;0,22;25,82;58,33;0;Croatia;Eastern Europe;"";"2020-2025";"History; Library and Information Sciences";"Arts and Humanities; Social Sciences"
255;21101133572;"Atlanti+";journal;"26704560, 26704579";"International Institute for Archival Science Trieste - Maribor";No;No;;-;3;13;25;233;2;24;0,08;17,92;45,45;0;Italy;Western Europe;"International Institute for Archival Science Trieste - Maribor";"2019-2025";"History; Library and Information Sciences";"Arts and Humanities; Social Sciences"
256;21101120357;"AtoZ";journal;"2237826X";"Programa de Pos-Graduacao em Gestao da Informacao, Universidade Federal do Parana";Yes;Yes;;-;5;40;61;952;5;57;0,08;23,80;52,78;1;Brazil;Latin America;"Programa de Pos-Graduacao em Gestao da Informacao, Universidade Federal do Parana";"2019-2025";"Information Systems; Library and Information Sciences; Strategy and Management";"Business, Management and Accounting; Computer Science; Social Sciences"
257;21101158608;"Bibliotecas";journal;"14093049, 16593286";"Universidad Nacional";Yes;Yes;;-;3;10;9;316;1;9;0,11;31,60;50,00;1;Costa Rica;Latin America;"Universidad Nacional";"2019-2025";"Library and Information Sciences";"Social Sciences"
258;21101120354;"Bibliotekarz Podlaski";journal;"25448900, 16407806";"Ksiaznica Podlaska";No;No;;-;2;62;159;1263;0;152;0,00;20,37;56,45;0;Poland;Eastern Europe;"Ksiaznica Podlaska";"2019-2025";"Cultural Studies; History; Library and Information Sciences; Literature and Literary Theory";"Arts and Humanities; Social Sciences"
259;21101086775;"Data and Information Management";journal;"25439251";"Elsevier Ltd";Yes;No;;-;20;36;51;1306;93;50;1,67;36,28;43,75;0;United Kingdom;Western Europe;"Elsevier Ltd";"2017-2026";"Computer Science (miscellaneous); Library and Information Sciences";"Computer Science; Social Sciences"
260;21101061989;"Data Intelligence";journal;"2641435X, 20967004";"Science Press";Yes;Yes;;-;31;47;61;1129;280;57;4,59;24,02;38,13;2;China;Asiatic Region;"Science Press";"2019-2025";"Artificial Intelligence; Computer Science Applications; Information Systems; Library and Information Sciences";"Computer Science; Social Sciences"
261;21101233761;"Desde el Sur";journal;"20762674, 24150959";"Universidad Cientifica del Sur";Yes;Yes;;-;7;31;0;1041;0;0;0,00;33,58;41,86;0;Peru;Latin America;"Universidad Cientifica del Sur";"2021-2025";"Cultural Studies; Education; Gender Studies; Library and Information Sciences; Public Administration; Safety Research; Sociology and Political Science";"Social Sciences"
262;21100901947;"Digital Presentation and Preservation of Cultural and Scientific Heritage";conference and proceedings;"25350366, 13144006";"Bulgarian Academy of Sciences, Institute of Mathematics and Informatics";Yes;No;;-;9;36;100;395;26;96;0,16;10,97;44,44;0;Bulgaria;Eastern Europe;"Bulgarian Academy of Sciences, Institute of Mathematics and Informatics";"2014, 2017-2025";"Computer Science Applications; Information Systems; Library and Information Sciences; Museology";"Arts and Humanities; Computer Science; Social Sciences"
263;21101228213;"Discover Computing";journal;"29482992";"Springer Science and Business Media B.V.";Yes;No;;-;67;16;67;944;215;61;2,85;59,00;30,91;0;Netherlands;Western Europe;"Springer Science and Business Media B.V.";"2024-2026";"Information Systems; Library and Information Sciences";"Computer Science; Social Sciences"
264;21101185486;"Documentation, Information and Knowledge";journal;"10032797";"";No;No;;-;11;86;153;3362;45;149;0,29;39,09;50,88;0;China;Asiatic Region;"";"2019-2025";"Communication; Library and Information Sciences; Social Sciences (miscellaneous)";"Social Sciences"
265;21101184587;"Folia Toruniensia";journal;"16413792, 26574837";"Provincial Public Library - The Copernicus Library in Torun";Yes;Yes;;-;3;10;23;265;1;23;0,04;26,50;50,00;0;Poland;Eastern Europe;"Provincial Public Library - The Copernicus Library in Torun";"2019-2025";"Library and Information Sciences; Linguistics and Language";"Social Sciences"
266;21101188408;"Frontiers in Research Metrics and Analytics";journal;"25040537";"Frontiers Media SA";Yes;No;;-;29;88;57;4146;146;55;1,75;47,11;41,76;23;Switzerland;Western Europe;"Frontiers Media SA";"2016-2026";"Library and Information Sciences; Social Sciences (miscellaneous)";"Social Sciences"
267;21101175744;"Iberoamerican Journal of Science Measurement and Communication";journal;"27097595, 27093158";"Pro-Metrics";No;No;;-;13;20;0;732;0;0;0,00;36,60;38,71;0;Estonia;Eastern Europe;"Pro-Metrics";"2021-2026";"Communication; Library and Information Sciences; Media Technology; Social Sciences (miscellaneous)";"Engineering; Social Sciences"
268;21101180700;"Indian Journal of Information Sources and Services";journal;"22316094";"The Research Publication";No;No;;-;21;17;102;260;16;102;0,16;15,29;21,43;0;India;Asiatic Region;"The Research Publication";"2019-2026";"Library and Information Sciences";"Social Sciences"
269;21101076095;"Information and Media";journal;"27836207";"Vilnius University Press";Yes;Yes;;-;6;11;90;671;18;88;0,19;61,00;72,22;0;Lithuania;Eastern Europe;"Vilnius University Press";"2021-2025";"Information Systems and Management; Management of Technology and Innovation; Media Technology; Physics and Astronomy (miscellaneous); Political Science and International Relations; Sociology and Political Science";"Business, Management and Accounting; Decision Sciences; Engineering; Physics and Astronomy; Social Sciences"
270;21101248979;"Information studies: Theory and Application";journal;"10007490";"";No;No;;-;12;303;275;6670;76;275;0,28;22,01;20,00;0;China;Asiatic Region;"";"2020-2025";"Library and Information Sciences";"Social Sciences"
271;21101081610;"International Journal of Information Management Data Insights";journal;"26670968";"Elsevier B.V.";Yes;No;;-;61;52;0;3571;0;0;0,00;68,67;27,78;13;Netherlands;Western Europe;"Elsevier B.V.";"2021-2026";"Artificial Intelligence; Industrial and Manufacturing Engineering; Information Systems; Information Systems and Management; Library and Information Sciences; Management Information Systems";"Business, Management and Accounting; Computer Science; Decision Sciences; Engineering; Social Sciences"
272;21101373148;"International Journal of Knowledge Processing Studies";journal;"27834611";"Ayande Amoozan-e-ATA";No;No;;-;3;6;0;251;0;0;0,00;41,83;54,55;0;Iran;Middle East;"Ayande Amoozan-e-ATA";"2021-2025";"Artificial Intelligence; Business and International Management; Information Systems; Library and Information Sciences; Management Information Systems";"Business, Management and Accounting; Computer Science; Social Sciences"
273;21101112619;"International Journal of Legal Information";journal;"07311265, 23314117";"Cambridge University Press";No;No;;-;4;12;25;738;6;18;0,24;61,50;30,77;2;United Kingdom;Western Europe;"Cambridge University Press";"1995, 1999, 2008, 2010-2012, 2014-2025";"Law; Library and Information Sciences";"Social Sciences"
274;19900189254;"International Journal of Technology, Knowledge and Society";journal;"28350391, 18323669";"Common Ground Research Networks";No;No;;-;11;1;45;58;10;45;0,18;58,00;50,00;0;United States;Northern America;"Common Ground Research Networks";"2008-2014, 2016-2025";"Computer Science Applications; Education; Engineering (miscellaneous); Library and Information Sciences; Social Sciences (miscellaneous)";"Computer Science; Engineering; Social Sciences"
275;21101294465;"Journal of Indian Library Association";journal;"2456513X, 22775145";"Indian Library Association";No;No;;-;4;64;0;1069;0;0;0,00;16,70;33,77;0;India;Asiatic Region;"Indian Library Association";"2021-2025";"Library and Information Sciences";"Social Sciences"
276;21101186199;"Journal of Learning Spaces";journal;"21586195";"University of North Carolina at Greensboro";No;No;;-;10;19;25;655;23;25;0,92;34,47;73,81;0;United States;Northern America;"University of North Carolina at Greensboro";"2019-2023";"Education; Library and Information Sciences; Public Administration";"Social Sciences"
277;21101133331;"Journal of Librarianship and Scholarly Communication";journal;"21623309";"Iowa State University Digital Press";Yes;Yes;;-;10;15;41;569;41;39;1,00;37,93;69,70;2;United States;Northern America;"Iowa State University Digital Press";"2015, 2018-2025";"Communication; Library and Information Sciences";"Social Sciences"
278;21101061455;"Journal of Library and Information Science in Agriculture";journal;"10021248";"Agricultural Information Institute, Chinese Academy of Agricultural Sciences";Yes;No;;-;9;97;204;2834;41;204;0,20;29,22;49,77;0;China;Asiatic Region;"Agricultural Information Institute, Chinese Academy of Agricultural Sciences";"2019-2025";"Agricultural and Biological Sciences (miscellaneous); Library and Information Sciences";"Agricultural and Biological Sciences; Social Sciences"
279;21101081523;"Journal of Library Science in China";journal;"10018867";"Editorial Office of Journal of Library Science in China";No;No;;-;13;41;105;1480;68;105;0,65;36,10;30,85;0;China;Asiatic Region;"Editorial Office of Journal of Library Science in China";"2019-2025";"Library and Information Sciences";"Social Sciences"
280;21101197263;"Journal of Modern Information";journal;"10080821";"";No;No;;-;10;210;455;6139;127;455;0,28;29,23;47,06;0;China;Asiatic Region;"";"2019-2026";"Library and Information Sciences";"Social Sciences"
281;21101087367;"Journal of Payavard Salamat";journal;"17358132, 20082665";"Tehran University of Medical Sciences";Yes;Yes;;-;7;53;96;1913;21;96;0,22;36,09;42,68;0;Iran;Middle East;"Tehran University of Medical Sciences";"2019-2025";"Health Informatics; Health Professions (miscellaneous); Library and Information Sciences; Medicine (miscellaneous); Public Health, Environmental and Occupational Health";"Health Professions; Medicine; Social Sciences"
282;21101070239;"Knihy a Dejiny";journal;"12108510, 25712322";"Library of the Czech Academy of Sciences (LCAS)";No;No;;-;2;7;17;166;0;10;0,00;23,71;66,67;0;Czech Republic;Eastern Europe;"Library of the Czech Academy of Sciences (LCAS)";"2019-2025";"Arts and Humanities (miscellaneous); History; Library and Information Sciences";"Arts and Humanities; Social Sciences"
283;21101115666;"Latvijas Nacionalas Bibliotekas Zinatniskie Raksti";journal;"26615134, 16915941";"National Library of Latvia";No;No;;-;1;31;29;1231;1;25;0,03;39,71;46,15;0;Latvia;Eastern Europe;"National Library of Latvia";"2020-2024";"History; Library and Information Sciences; Literature and Literary Theory";"Arts and Humanities; Social Sciences"
284;21101339889;"Library and Information Service";journal;"02523116";"LIS Press Co., Ltd";No;No;;-;11;355;0;8076;0;0;0,00;22,75;49,94;0;China;Asiatic Region;"LIS Press Co., Ltd";"2021-2025";"Library and Information Sciences";"Social Sciences"
285;14046;"Library Philosophy and Practice (discontinued)";journal;"15220222";"University of Nebraska-Lincoln";Yes;No;;-;32;1605;2095;43001;1449;2091;0,66;26,79;38,26;0;United States;Northern America;"University of Nebraska-Lincoln";"1998-2021";"Library and Information Sciences; Philosophy";"Arts and Humanities; Social Sciences"
286;21101046738;"New Directions in Book History";book series;"26346117, 26346125";"Palgrave Macmillan Ltd.";No;No;;-;6;56;86;1940;2;0;0,02;34,64;0,00;1;United Kingdom;Western Europe;"Palgrave Macmillan Ltd.";"2014-2025";"Library and Information Sciences; Linguistics and Language; Literature and Literary Theory";"Arts and Humanities; Social Sciences"
287;21101208908;"Open Praxis";journal;"2304070X, 13699997";"International Council for Open and Distance Education";Yes;Yes;;-;21;32;40;1099;57;36;1,43;34,34;51,56;3;Norway;Western Europe;"International Council for Open and Distance Education";"2020-2025";"Education; Library and Information Sciences";"Social Sciences"
288;21101391511;"Pacific Asia Conference on Information Systems";book series;"26896354";"Association for Information Systems";No;No;;-;13;259;0;11315;0;0;0,00;43,69;36,07;0;United States;Northern America;"Association for Information Systems";"2021-2025";"Library and Information Sciences; Management Information Systems; Management of Technology and Innovation";"Business, Management and Accounting; Social Sciences"
289;21101079120;"Polish Libraries";journal;"23531835, 23009217";"National Library of Poland";No;No;;-;2;9;11;793;1;11;0,09;88,11;66,67;0;Poland;Eastern Europe;"National Library of Poland";"2019-2021, 2023-2025";"Arts and Humanities (miscellaneous); History; Library and Information Sciences; Museology";"Arts and Humanities; Social Sciences"
290;21101256260;"Publishing and Printing";journal;"10071938";"";No;No;;-;2;75;4;855;0;4;0,00;11,40;45,92;0;China;Asiatic Region;"";"2020-2025";"Communication; Library and Information Sciences; Linguistics and Language";"Social Sciences"
291;21101062805;"Quantitative Science Studies";journal;"26413337";"MIT Press";Yes;No;;-;38;59;91;2891;487;88;5,35;49,00;36,88;12;United States;Northern America;"MIT Press";"2020-2025";"Analysis; Cultural Studies; Library and Information Sciences; Numerical Analysis";"Mathematics; Social Sciences"
292;21101192303;"Record and Library Journal";journal;"24425168";"Airlangga University Faculty of Vocational Studies";Yes;Yes;;-;4;30;41;655;14;40;0,34;21,83;41,18;0;Indonesia;Asiatic Region;"Airlangga University Faculty of Vocational Studies";"2019-2025";"Human Factors and Ergonomics; Library and Information Sciences; Management Information Systems; Management of Technology and Innovation";"Business, Management and Accounting; Social Sciences"
293;21101209993;"Revista Ibero-Americana de Ciencia da Informacao";journal;"19835213";"Universidade de Brasilia";Yes;Yes;;-;4;56;60;1424;5;58;0,08;25,43;74,75;1;Brazil;Latin America;"Universidade de Brasilia";"2020-2025";"Library and Information Sciences";"Social Sciences"
294;21101281543;"Science Editor and Publisher";journal;"25418122, 25420267";"Association of Science Editors and Publishers";No;No;;-;6;14;0;260;0;0;0,00;18,57;66,67;0;Russian Federation;Eastern Europe;"Association of Science Editors and Publishers";"2021-2025";"Communication; Library and Information Sciences; Linguistics and Language";"Social Sciences"
295;21101272842;"Scientometrics Research Journal";journal;"24235563, 24233773";"Shahed University";Yes;Yes;;-;5;28;0;702;0;0;0,00;25,07;49,18;0;Iran;Middle East;"Shahed University";"2021-2025";"Library and Information Sciences; Social Sciences (miscellaneous)";"Social Sciences"
296;21101092537;"Transactions of the International Society for Music Information Retrieval";journal;"25143298";"Ubiquity Press";Yes;No;;-;20;21;26;1040;111;26;4,27;49,52;19,70;0;United Kingdom;Western Europe;"Ubiquity Press";"2019-2025";"Library and Information Sciences; Linguistics and Language; Museology; Music";"Arts and Humanities; Social Sciences"
297;21101060465;"Umanistica Digitale";journal;"25328816";"University of Bologna Department of Classical and Italian Philology, Alma Mater Studiorum";Yes;Yes;;-;7;38;88;1170;29;86;0,44;30,79;55,41;0;Italy;Western Europe;"University of Bologna Department of Classical and Italian Philology, Alma Mater Studiorum";"2017-2026";"Arts and Humanities (miscellaneous); Computer Science Applications; Computer Science (miscellaneous); Library and Information Sciences";"Arts and Humanities; Computer Science; Social Sciences"
298;21101076301;"University Library at a New Stage of Social Communications Development. Conference Proceedings";conference and proceedings;"27070476";"Dnipro National University of Railway Transport named after Academician V. Lazaryan";Yes;No;;-;7;22;37;242;6;33;0,16;11,00;78,95;0;Ukraine;Eastern Europe;"Dnipro National University of Railway Transport named after Academician V. Lazaryan";"2019-2024";"Library and Information Sciences";"Social Sciences"
299;21101241162;"Vjesnik Dalmatinskih Arhiva";journal;"27570932, 28068459";"State Archives in Sibenik";Yes;Yes;;-;2;18;12;594;1;10;0,08;33,00;56,52;0;Croatia;Eastern Europe;"State Archives in Sibenik";"2020-2025";"Arts and Humanities (miscellaneous); History; Library and Information Sciences";"Arts and Humanities; Social Sciences"
300;4400151723;"Webology (discontinued)";journal;"1735188X";"Webology Center";Yes;No;;-;23;285;140;7313;246;139;1,63;25,66;41,75;0;Iran;Middle East;"Webology Center";"2006-2021";"Human-Computer Interaction; Information Systems and Management; Library and Information Sciences; Software";"Computer Science; Decision Sciences; Social Sciences"
301;21101046690;"Z Badan nad Ksiazka i Ksiegozbiorami Historycznymi";journal;"25448730, 18970788";"University of Warsaw";Yes;Yes;;-;3;25;39;995;4;36;0,10;39,80;73,91;0;Poland;Eastern Europe;"University of Warsaw";"2019-2025";"Arts and Humanities (miscellaneous); Communication; History; Library and Information Sciences";"Arts and Humanities; Social Sciences"
